epoch,train_loss,test_loss,train_acc,train_macro_f1,test_acc,test_macro_f1,best_test_acc,mean_total_spikes,mean_spike_rate,mean_event_synops_est,mean_dense_synops_est,mean_event_to_dense_ratio,mean_input_events,latency_mean_all,latency_mean_correct,latency_std_correct,train_speed_samples_per_s,test_speed_samples_per_s,train_time_sec,test_time_sec,epoch_time_sec,train_latency_ms_per_sample,test_latency_ms_per_sample,train_cpu_memory_mb,test_cpu_memory_mb,train_gpu_memory_allocated_mb,train_gpu_memory_reserved_mb,test_gpu_memory_allocated_mb,test_gpu_memory_reserved_mb,lr,tau_mean,tau_response_mean,tau_refractory_mean
1,0.028785256629125174,0.01702659990787506,0.8639155982905983,0.862162722552843,0.9271,0.9262097781189986,0.9271,975.4379272460938,0.09657800197601318,1272118.75,14109999.0,0.09015724807977676,1888.69140625,2.022599935531616,1.820731282234192,1.5161751508712769,1814.6810730151692,1086.8284769778138,33.063661098480225,9.201083898544312,42.26826572418213,0.5510610183080037,0.9201083898544311,1735.296875,1959.29296875,67.2451171875,86.0,64.49462890625,106.0,0.0009997532801828658,nan,nan,nan
2,0.01810253079001529,0.016308600008487703,0.9284521901709402,0.9275965608611584,0.9311,0.9303249499745434,0.9311,740.9940795898438,0.07336574792861938,1206575.625,14109999.0,0.08551209419965744,1888.69140625,2.099900007247925,1.918805718421936,1.6511523723602295,1947.601506862534,1967.4084925846178,30.80712342262268,5.082828521728516,35.893171310424805,0.5134520570437113,0.5082828521728515,1930.21484375,2026.46484375,67.86572265625,106.0,64.49462890625,106.0,0.0009990133642141358,nan,nan,nan
3,0.016325888100565754,0.01588080005645752,0.9337272970085471,0.9330076685364084,0.928,0.9265057752491087,0.9311,662.3892211914062,0.06558308750391006,1184303.375,14109999.0,0.08393362164497375,1888.69140625,2.100399971008301,1.9244612455368042,1.6842336654663086,2532.850850354812,2271.5369857838305,23.688722133636475,4.402305603027344,28.09401822090149,0.3948120355606079,0.4402305603027344,1970.46484375,1993.32421875,67.86572265625,106.0,64.49462890625,106.0,0.00099778098230154,nan,nan,nan
4,0.01586747125117506,0.016510200142860414,0.9341112446581197,0.9334130660479921,0.9233,0.9225272837999358,0.9311,581.0300903320312,0.05752773582935333,1153776.875,14109999.0,0.0817701518535614,1888.69140625,2.055000066757202,1.8254088163375854,1.668333888053894,2294.6011475985474,2203.456549320884,26.148335218429565,4.5383241176605225,30.689884662628174,0.4358055869738261,0.45383241176605227,1998.69140625,2030.05859375,67.86572265625,106.0,64.49462890625,106.0,0.000996057350657239,nan,nan,nan
5,0.015708784097168818,0.014356899720430374,0.9342614850427351,0.9336023443400798,0.9402,0.9399178160098594,0.9402,554.9260864257812,0.054943181574344635,1145370.0,14109999.0,0.0811743512749672,1888.69140625,2.0390000343322754,1.8571580648422241,1.6202807426452637,2819.5992627445917,2631.7611091297294,21.279619693756104,3.799736976623535,25.082494735717773,0.3546603282292684,0.3799736976623535,1973.796875,2014.484375,67.86572265625,106.0,64.49462890625,106.0,0.0009938441702975688,nan,nan,nan
6,0.01537937362694269,0.014097600162029267,0.9370158920940171,0.9363902320964572,0.9439,0.9435034760441038,0.9439,526.917724609375,0.05217006802558899,1136746.75,14109999.0,0.08056319504976273,1888.69140625,2.0060999393463135,1.824981451034546,1.594329595565796,2343.759569378525,2527.7576672018527,25.599895477294922,3.956075429916382,29.55919909477234,0.426664924621582,0.3956075429916382,1959.828125,1980.40625,67.86572265625,106.0,64.49462890625,106.0,0.0009911436253643444,nan,nan,nan
7,0.015247395769573556,0.012995899975299836,0.9360309829059829,0.9353776668613281,0.9457,0.9452010517783395,0.9457,525.38427734375,0.05201825127005577,1137567.375,14109999.0,0.08062134683132172,1888.69140625,1.9342000484466553,1.7738183736801147,1.5598862171173096,2610.065822532744,1973.4568124000139,22.98792600631714,5.067250490188599,28.058181047439575,0.38313210010528564,0.5067250490188598,1942.3359375,2009.1171875,67.86572265625,106.0,64.49462890625,106.0,0.0009879583809693736,nan,nan,nan
8,0.015046424268243404,0.014242900136113167,0.9376001602564102,0.9369583485975577,0.9413,0.9408423610663753,0.9457,506.1805114746094,0.0501168817281723,1130080.25,14109999.0,0.08009073138237,1888.69140625,1.9462000131607056,1.741740107536316,1.5419751405715942,1904.4602079834024,1559.6362376818956,31.504990100860596,6.4117515087127686,37.920050859451294,0.5250831683476765,0.6411751508712769,1998.24609375,2045.09765625,67.86572265625,106.0,64.49462890625,106.0,0.0009842915805643154,nan,nan,nan
9,0.01488798743702917,0.014214400085806846,0.9389022435897436,0.9382862076342299,0.9421,0.941691098767666,0.9457,476.2189025878906,0.0471503883600235,1117594.125,14109999.0,0.07920582592487335,1888.69140625,1.9843000173568726,1.8076636791229248,1.5736353397369385,2047.890539184071,1915.8577352630905,29.29844093322754,5.219594240188599,34.52115511894226,0.4883073488871256,0.5219594240188599,1967.859375,2012.8359375,67.86572265625,106.0,64.49462890625,106.0,0.0009801468428384714,nan,nan,nan
10,0.014741903694314707,0.013049399980902671,0.9395866720085471,0.9389618665082837,0.949,0.9482910969681241,0.949,476.10919189453125,0.047139525413513184,1119040.75,14109999.0,0.07930834591388702,1888.69140625,1.9062999486923218,1.7587987184524536,1.5525529384613037,2351.7741150675442,2295.34292586525,25.512654304504395,4.356647491455078,29.87243890762329,0.42521090507507325,0.4356647491455078,1956.203125,2001.578125,67.86572265625,106.0,64.49462890625,106.0,0.0009755282581475767,nan,nan,nan
11,0.014649756238835618,0.01352700015604496,0.9391359508547008,0.9385144431420767,0.9437,0.9432552397706319,0.949,468.294189453125,0.04636576026678085,1115644.875,14109999.0,0.07906768471002579,1888.69140625,1.9668999910354614,1.777153730392456,1.5395033359527588,2394.2874410030595,2459.0308485750147,25.059647798538208,4.066642761230469,29.12946343421936,0.4176607966423035,0.4066642761230469,1985.40625,2026.15625,67.86572265625,106.0,64.49462890625,106.0,0.0009704403844771127,nan,nan,nan
12,0.014580845960185058,0.0139835000410676,0.9398871527777778,0.9392849428221058,0.9455,0.9450940668827187,0.949,460.4328918457031,0.04558741673827171,1113812.75,14109999.0,0.0789378359913826,1888.69140625,1.9843000173568726,1.8068746328353882,1.5291751623153687,2953.306877780649,2283.0434475659563,20.316209077835083,4.380118131637573,24.69937491416931,0.3386034846305847,0.4380118131637573,1982.8671875,2051.84375,67.86572265625,106.0,64.49462890625,106.0,0.0009648882429441257,nan,nan,nan
13,0.014539312889688035,0.014523100033402443,0.9400040064102564,0.9393878624835927,0.9335,0.9330797220906121,0.949,459.72198486328125,0.045517027378082275,1110465.875,14109999.0,0.07870061695575714,1888.69140625,2.037600040435791,1.8329941034317017,1.5917785167694092,2502.0503414935847,2766.736370968577,23.980332851409912,3.6143667697906494,27.60183596611023,0.3996722141901652,0.36143667697906495,1972.4921875,1993.9140625,67.86572265625,106.0,64.49462890625,106.0,0.0009588773128419905,nan,nan,nan
14,0.014443676482933836,0.013934399959445,0.9404881143162394,0.9399098248498838,0.9446,0.9443436063198709,0.949,452.37640380859375,0.044789738953113556,1108342.875,14109999.0,0.07855016738176346,1888.69140625,1.8976000547409058,1.711624026298523,1.4938105344772339,2873.215701846584,2776.0643555476954,20.88252544403076,3.602221965789795,24.488134622573853,0.348042090733846,0.36022219657897947,1942.21484375,2036.30078125,67.86572265625,106.0,64.49462890625,106.0,0.0009524135262330098,nan,nan,nan
15,0.014341813438516269,0.013822499930858613,0.9396534455128205,0.9390046479536757,0.9448,0.9441155139844805,0.949,459.9543151855469,0.04554002732038498,1111303.5,14109999.0,0.07875999063253403,1888.69140625,1.9572999477386475,1.7895851135253906,1.579119086265564,2196.461319487937,2015.0579352024708,27.31666588783264,4.962636470794678,32.28283333778381,0.4552777647972107,0.4962636470794678,1956.72265625,2034.39453125,67.86572265625,106.0,64.49462890625,106.0,0.0009455032620941839,nan,nan,nan
16,0.014142795147485713,0.013122799879312516,0.9418569711538461,0.941283864549473,0.9447,0.9443498021323287,0.949,449.2091064453125,0.04447614774107933,1107290.5,14109999.0,0.07847559452056885,1888.69140625,1.996000051498413,1.8315867185592651,1.6467119455337524,1944.2521544722,2075.9683004699295,30.86019468307495,4.817029237747192,35.68062448501587,0.5143365780512492,0.48170292377471924,2044.98046875,2033.9921875,67.86572265625,106.0,64.49462890625,106.0,0.0009381533400219318,nan,nan,nan
17,0.014152560725362383,0.013292199885845185,0.9403545673076923,0.9397368348691748,0.9431,0.9427503673225905,0.949,445.914306640625,0.04414993152022362,1105425.25,14109999.0,0.07834339886903763,1888.69140625,1.9464999437332153,1.7674689292907715,1.5325632095336914,2541.1789282588243,2158.938554545613,23.611088275909424,4.631905794143677,28.24636936187744,0.3935181379318237,0.4631905794143677,1950.01171875,1995.4453125,67.86572265625,106.0,64.49462890625,106.0,0.0009303710135019719,nan,nan,nan
18,0.014292317632641485,0.012750100070238114,0.9393028846153846,0.9387228435451448,0.9479,0.9476977985332455,0.949,441.24310302734375,0.04368743300437927,1103011.375,14109999.0,0.07817231118679047,1888.69140625,1.9081000089645386,1.729296326637268,1.4827977418899536,2637.333229373512,2095.0729543537473,22.750253677368164,4.773103475570679,27.526227951049805,0.37917089462280273,0.47731034755706786,1946.59375,2033.73046875,67.86572265625,106.0,64.49462890625,106.0,0.0009221639627510076,nan,nan,nan
19,0.014089393013546992,0.01624099997282028,0.9412393162393162,0.9406656411267929,0.9244,0.925441267588711,0.949,444.49139404296875,0.044009044766426086,1100783.625,14109999.0,0.07801442593336105,1888.69140625,2.0148000717163086,1.7640631198883057,1.5772486925125122,2398.3937301817346,2698.699377799923,25.016743183135986,3.705488681793213,28.725432872772217,0.4169457197189331,0.3705488681793213,1975.42578125,2005.31640625,67.86572265625,106.0,64.49462890625,106.0,0.000913540287137281,nan,nan,nan
20,0.013915698384292997,0.014170900091528892,0.9424412393162394,0.9419244402547949,0.9417,0.9416798864129152,0.949,444.5757141113281,0.04401739686727524,1104487.625,14109999.0,0.07827693969011307,1888.69140625,1.9979000091552734,1.8189444541931152,1.5805275440216064,2570.0048859641456,2564.308018689846,23.346259117126465,3.8996875286102295,27.249173402786255,0.3891043186187744,0.38996875286102295,1946.578125,2008.9609375,67.86572265625,106.0,64.49462890625,106.0,0.0009045084971874739,nan,nan,nan
21,0.01400986571326597,0.013552499821782112,0.9418569711538461,0.9412687166970921,0.9425,0.9420759815123304,0.949,454.4808044433594,0.04499809816479683,1108692.625,14109999.0,0.07857496291399002,1888.69140625,1.910099983215332,1.7190450429916382,1.528648853302002,2674.284275133557,2279.32574236291,22.435909509658813,4.387262344360352,26.8262996673584,0.3739318251609802,0.43872623443603515,1975.4140625,2018.12890625,67.86572265625,106.0,64.49462890625,106.0,0.0008950775061878452,nan,nan,nan
22,0.013782969313777156,0.012863899868726731,0.9432926014957265,0.9427845467733226,0.9462,0.9457506026680852,0.949,446.159912109375,0.04417424649000168,1104221.5,14109999.0,0.07825806736946106,1888.69140625,1.9428999423980713,1.7812302112579346,1.6035770177841187,2220.88884024146,1730.6635677077788,27.016210317611694,5.778130531311035,32.79777193069458,0.4502701719601949,0.5778130531311035,1996.234375,2042.3125,67.86572265625,106.0,64.49462890625,106.0,0.0008852566213878947,nan,nan,nan
23,0.013778962921271594,0.013817100276052952,0.9425247061965812,0.9420310171659432,0.9402,0.9398649221398097,0.949,440.6521911621094,0.04362893104553223,1101104.625,14109999.0,0.07803718000650406,1888.69140625,1.940600037574768,1.7543076276779175,1.5420246124267578,1676.9056847700183,2257.593892601544,35.78018760681152,4.429494619369507,40.21391749382019,0.5963364601135254,0.4429494619369507,1974.49609375,2017.62890625,67.86572265625,106.0,64.49462890625,106.0,0.0008750555348152298,nan,nan,nan
24,0.013857538698432155,0.011877899926900864,0.9420239049145299,0.9414960449838625,0.9515,0.9510095452763109,0.9515,440.1090087890625,0.04357514902949333,1102158.375,14109999.0,0.07811184972524643,1888.69140625,1.9241000413894653,1.7719390392303467,1.499171495437622,1913.131674546005,2002.52049116539,31.36219048500061,4.993706703186035,36.37170958518982,0.5227031747500102,0.4993706703186035,2029.05078125,2031.98828125,67.86572265625,106.0,64.49462890625,106.0,0.0008644843137107057,nan,nan,nan
25,0.013893012126557466,0.012405199879407882,0.9416399572649573,0.9410269828930511,0.9526,0.9521167064371611,0.9526,435.19049072265625,0.0430881641805172,1100261.125,14109999.0,0.07797738909721375,1888.69140625,1.9088000059127808,1.7636992931365967,1.4956402778625488,2471.4555979459847,2402.296919675568,24.277191162109375,4.162682771682739,28.443241834640503,0.40461985270182294,0.4162682771682739,1952.75,2053.46484375,67.86572265625,106.0,64.49462890625,106.0,0.0008535533905932737,nan,nan,nan
26,0.013579677378472228,0.013018800047039985,0.9442107371794872,0.9436739970119696,0.9487,0.9484932391684463,0.9526,424.07720947265625,0.041987840086221695,1095612.0,14109999.0,0.07764790952205658,1888.69140625,1.920699954032898,1.7610414028167725,1.538421869277954,2365.837770626316,2558.1756759888763,25.360995054244995,3.9090356826782227,29.273370027542114,0.42268325090408326,0.39090356826782224,1998.07421875,2011.75390625,67.86572265625,106.0,64.49462890625,106.0,0.0008422735529643444,nan,nan,nan
27,0.01359468476416973,0.012424000179767608,0.9441940438034188,0.9436834803197318,0.9508,0.9506890179784271,0.9526,432.1882019042969,0.042790912091732025,1098504.625,14109999.0,0.07785291224718094,1888.69140625,1.8983999490737915,1.7370635271072388,1.4487695693969727,2451.467572471079,2633.068453122882,24.47513508796692,3.7978503704071045,28.276059865951538,0.40791891813278197,0.3797850370407104,1978.90234375,1995.98046875,67.86572265625,106.0,64.49462890625,106.0,0.0008306559326618259,nan,nan,nan
28,0.013732037876143606,0.013488999891281129,0.9437099358974359,0.9431624214596976,0.9399,0.939494244978685,0.9526,425.3752136230469,0.042116355150938034,1095320.25,14109999.0,0.07762721925973892,1888.69140625,1.9888999462127686,1.7971060276031494,1.5463227033615112,2650.6330787418583,2587.2624250687436,22.636101722717285,3.865089178085327,26.5042941570282,0.3772683620452881,0.3865089178085327,1947.9296875,2051.66796875,67.86572265625,106.0,64.49462890625,106.0,0.0008187119948743449,nan,nan,nan
29,0.013632461910223605,0.013944799932837487,0.9442107371794872,0.943646862862523,0.9407,0.9400504479862943,0.9526,428.1679992675781,0.042392875999212265,1098265.75,14109999.0,0.07783597707748413,1888.69140625,2.0773000717163086,1.8807271718978882,1.6073663234710693,2338.0401391510586,2541.393413966132,25.662519216537476,3.934849262237549,29.600316047668457,0.42770865360895793,0.39348492622375486,1962.12109375,2032.17578125,67.86572265625,106.0,64.49462890625,106.0,0.0008064535268264883,nan,nan,nan
30,0.0135872562467638,0.013235799953341483,0.9435263087606838,0.9430254663605873,0.9433,0.9429330915606456,0.9526,425.3059997558594,0.04210950434207916,1097152.625,14109999.0,0.0777570977807045,1888.69140625,1.9936000108718872,1.8204176425933838,1.5167109966278076,1970.970007384728,2136.107008658042,30.441863536834717,4.681413412094116,35.126800775527954,0.5073643922805786,0.46814134120941164,1974.96875,2017.99609375,67.86572265625,106.0,64.49462890625,106.0,0.0007938926261462367,nan,nan,nan
31,0.013481186529717002,0.013177699998021125,0.9447449252136753,0.9442390805439093,0.9455,0.9452442177979041,0.9526,423.8724060058594,0.041967567056417465,1095641.75,14109999.0,0.0776500254869461,1888.69140625,2.0283000469207764,1.8566895723342896,1.617292046546936,2058.0640639113585,2175.746716204113,29.153611421585083,4.596123218536377,33.77464056015015,0.4858935236930847,0.4596123218536377,1963.72265625,2015.66796875,67.86572265625,106.0,64.49462890625,106.0,0.0007810416889260654,nan,nan,nan
32,0.013376168447992422,0.012805299925804137,0.9461304754273504,0.9456399811103262,0.9441,0.9434870379156075,0.9526,422.13079833984375,0.04179512709379196,1096298.25,14109999.0,0.0776965543627739,1888.69140625,2.009000062942505,1.844931721687317,1.574038028717041,3038.9145229576648,2631.7350184252023,19.743891954421997,3.799774646759033,23.546717882156372,0.32906486590703327,0.3799774646759033,1959.16015625,2065.37890625,67.86572265625,106.0,64.49462890625,106.0,0.0007679133974894983,nan,nan,nan
33,0.013426849576764,0.013439599964022636,0.9453959668803419,0.944920613981495,0.9464,0.9460914793767256,0.9526,415.3418884277344,0.041122958064079285,1094841.5,14109999.0,0.07759331166744232,1888.69140625,1.9926999807357788,1.8196322917938232,1.5321681499481201,2416.0967895565364,2744.2444234013824,24.833442211151123,3.6439902782440186,28.480558395385742,0.4138907035191854,0.36439902782440187,2031.515625,2073.046875,67.86572265625,106.0,64.49462890625,106.0,0.0007545207078751857,nan,nan,nan
34,0.01324621052481234,0.013177699959278106,0.9464810363247863,0.9460184322968622,0.9481,0.9476727612277192,0.9526,421.21258544921875,0.041704218834638596,1096030.875,14109999.0,0.07767760008573532,1888.69140625,2.0071001052856445,1.8389410972595215,1.495239496231079,2901.5697883664407,3028.1588251653093,20.67846179008484,3.3023366928100586,23.984018802642822,0.3446410298347473,0.33023366928100584,1964.9375,2031.734375,67.86572265625,106.0,64.49462890625,106.0,0.0007408768370508577,nan,nan,nan
35,0.013274756210466098,0.01265789997279644,0.9456964476495726,0.9451631544892795,0.9501,0.9497785404630987,0.9526,417.2297058105469,0.041309867054224014,1094754.125,14109999.0,0.07758711278438568,1888.69140625,1.940500020980835,1.7881275415420532,1.5270946025848389,2619.3366726518607,2844.6194166267146,22.90656280517578,3.515408754348755,26.42533779144287,0.3817760467529297,0.3515408754348755,1953.109375,2030.7421875,67.86572265625,106.0,64.49462890625,106.0,0.0007269952498697734,nan,nan,nan
36,0.013235677029682785,0.013035799969732762,0.9461972489316239,0.9457243434794652,0.9462,0.9458756138753804,0.9526,418.31939697265625,0.04141776263713837,1094097.25,14109999.0,0.0775405615568161,1888.69140625,1.9622000455856323,1.8035298585891724,1.549157977104187,3091.0988174063023,2949.201333443024,19.41057324409485,3.3907485008239746,22.805009603500366,0.3235095540682475,0.33907485008239746,1974.734375,2043.90234375,67.86572265625,106.0,64.49462890625,106.0,0.0007128896457825364,nan,nan,nan
37,0.01313778709492877,0.011783100020885468,0.9476495726495726,0.9471756664702671,0.9555,0.9551067002803515,0.9555,424.3439025878906,0.04201424866914749,1097582.75,14109999.0,0.07778757810592651,1888.69140625,1.9271999597549438,1.7999999523162842,1.540209412574768,2068.8797921628584,1421.9414616858114,29.001201629638672,7.032638311386108,36.03699231147766,0.48335336049397787,0.7032638311386108,2021.4375,2019.6484375,67.86572265625,106.0,64.49462890625,106.0,0.0006985739453173903,nan,nan,nan
38,0.013400006617427383,0.013453900095820428,0.9450787927350427,0.9446167577070936,0.9464,0.9459788675610993,0.9555,412.697509765625,0.040861137211322784,1091563.0,14109999.0,0.07736095786094666,1888.69140625,1.9585000276565552,1.7802197933197021,1.5071278810501099,2020.3523462615594,1931.4871852304714,29.697790145874023,5.1773576736450195,34.878353118896484,0.4949631690979004,0.517735767364502,1983.6484375,2026.34765625,67.86572265625,106.0,64.49462890625,106.0,0.0006840622763423391,nan,nan,nan
39,0.013215344448963929,0.012447200021147728,0.9467815170940171,0.946295208299663,0.9494,0.9485631603306816,0.9555,410.09588623046875,0.040603555738925934,1091438.875,14109999.0,0.07735215127468109,1888.69140625,1.9869999885559082,1.8274699449539185,1.524444341659546,2177.10308084214,2575.4082791594265,27.559558629989624,3.8828794956207275,31.446146726608276,0.45932597716649376,0.38828794956207274,1987.96875,2022.73046875,67.86572265625,106.0,64.49462890625,106.0,0.0006693689601226458,nan,nan,nan
40,0.013019514489027426,0.013243499989807606,0.9483173076923077,0.9478556331082737,0.9425,0.941838047387305,0.9555,424.7137145996094,0.042050860822200775,1097196.375,14109999.0,0.07776019722223282,1888.69140625,1.9905999898910522,1.8175066709518433,1.6168906688690186,2393.7569818202082,2633.909917264549,25.06520104408264,3.7966370582580566,28.86541485786438,0.4177533507347107,0.37966370582580566,2000.01171875,2038.6640625,67.86572265625,106.0,64.49462890625,106.0,0.0006545084971874737,nan,nan,nan
41,0.012917300968820978,0.011952399897575378,0.9489182692307693,0.9484244509211089,0.955,0.9548509427698392,0.9555,415.2074890136719,0.04110965505242348,1093224.5,14109999.0,0.07747870683670044,1888.69140625,1.9536999464035034,1.8150784969329834,1.4885753393173218,2692.8560285582985,2830.891084939003,22.281176328659058,3.532456636428833,25.816692352294922,0.3713529388109843,0.3532456636428833,2027.4609375,2026.0859375,67.86572265625,106.0,64.49462890625,106.0,0.0006394955530196147,nan,nan,nan
42,0.013016993808759075,0.012431399735808372,0.9481837606837606,0.9477520292232964,0.9525,0.9520100666660829,0.9555,412.57879638671875,0.04084938392043114,1092678.625,14109999.0,0.07744002342224121,1888.69140625,1.9457000494003296,1.78719162940979,1.460292935371399,2709.833819457906,2580.445907370429,22.141579151153564,3.8752992153167725,26.03244113922119,0.36902631918589274,0.38752992153167726,2026.5859375,2018.16796875,67.86572265625,106.0,64.49462890625,106.0,0.0006243449435824273,nan,nan,nan
43,0.012979199942678977,0.012155899992585182,0.9488181089743589,0.9483508009836168,0.9507,0.9503986200243263,0.9555,414.04290771484375,0.04099434241652489,1092816.125,14109999.0,0.07744976133108139,1888.69140625,1.9543999433517456,1.8054065704345703,1.487509846687317,2883.1114670402753,2908.5750769548054,20.810849905014038,3.4381096363067627,24.252219676971436,0.34684749841690066,0.34381096363067626,1953.1875,2020.78125,67.86572265625,106.0,64.49462890625,106.0,0.0006090716206982714,nan,nan,nan
44,0.01279774304622641,0.012524699872732163,0.9488348023504274,0.9483820286709148,0.9517,0.9513143034892512,0.9555,406.86138916015625,0.04028330743312836,1090305.875,14109999.0,0.07727184891700745,1888.69140625,1.9810999631881714,1.8243143558502197,1.4654529094696045,2203.5833689428277,1840.760480042911,27.2283775806427,5.432537317276001,32.663999795913696,0.4538062930107117,0.5432537317276,2028.6796875,2023.5703125,67.86572265625,106.0,64.49462890625,106.0,0.0005936906572928625,nan,nan,nan
45,0.012807375102693964,0.012511899946630002,0.9500701121794872,0.9496698454346089,0.9491,0.9489569746425806,0.9555,415.8252868652344,0.04117082059383392,1091813.625,14109999.0,0.07737872004508972,1888.69140625,1.8690999746322632,1.6934990882873535,1.4447791576385498,1937.7414845210171,2044.152740849802,30.96388268470764,4.89200234413147,35.858875036239624,0.516064711411794,0.489200234413147,2017.0703125,2018.78515625,67.86572265625,106.0,64.49462890625,106.0,0.0005782172325201156,nan,nan,nan
46,0.012763955638322055,0.012510400158166885,0.9498197115384616,0.9493644790643362,0.9507,0.9505143483197651,0.9555,411.54888916015625,0.04074741154909134,1092166.25,14109999.0,0.07740370184183121,1888.69140625,2.0009000301361084,1.8515830039978027,1.5857915878295898,2096.287718042915,2337.57927492142,28.62202525138855,4.277929782867432,32.90331292152405,0.47703375418980914,0.4277929782867432,2009.86328125,2019.67578125,67.86572265625,106.0,64.49462890625,106.0,0.0005626666167821523,nan,nan,nan
47,0.012831146458689218,0.012544999992847443,0.9486344818376068,0.948180628977228,0.9495,0.9490844920964314,0.9555,408.82269287109375,0.04047749191522598,1090374.125,14109999.0,0.07727669179439545,1888.69140625,1.9256000518798828,1.7677725553512573,1.467461347579956,2344.388036476049,2824.424504611714,25.593032836914062,3.540544271469116,29.13672947883606,0.42655054728190106,0.3540544271469116,1962.9765625,2041.58984375,67.86572265625,106.0,64.49462890625,106.0,0.0005470541566592572,nan,nan,nan
48,0.01292399494136628,0.012875599998235702,0.9482171474358975,0.9477470622110096,0.9452,0.9450128030751165,0.9555,413.6878967285156,0.0409591980278492,1092227.25,14109999.0,0.07740803062915802,1888.69140625,1.9950000047683716,1.8238468170166016,1.5117576122283936,2617.9464322969257,2661.030478835302,22.918727159500122,3.7579426765441895,26.680404901504517,0.3819787859916687,0.3757942676544189,1986.234375,2028.7421875,67.86572265625,106.0,64.49462890625,106.0,0.0005313952597646569,nan,nan,nan
49,0.012668703238949435,0.011933499911427498,0.949485844017094,0.9490555256553102,0.9546,0.954185493673279,0.9555,401.7226867675781,0.03977452218532562,1087901.375,14109999.0,0.0771014541387558,1888.69140625,1.934999942779541,1.785983681678772,1.4547351598739624,2363.127693398461,2390.3884852036617,25.390079498291016,4.183420419692993,29.5767879486084,0.4231679916381836,0.4183420419692993,2028.8515625,2016.80078125,67.86572265625,106.0,64.49462890625,106.0,0.0005157053795390643,nan,nan,nan
50,0.012688852122260464,0.012132599940896034,0.9496861645299145,0.9492633234876632,0.9525,0.9519920579037908,0.9555,413.9049072265625,0.04098068177700043,1092786.5,14109999.0,0.07744765281677246,1888.69140625,1.9204000234603882,1.7783726453781128,1.5035616159439087,2407.485370736207,2909.4472769921854,24.922269821166992,3.4370789527893066,28.380062580108643,0.41537116368611654,0.34370789527893064,1938.85546875,2011.45703125,67.86572265625,106.0,64.49462890625,106.0,0.0005000000000000002,nan,nan,nan
51,0.012491786806708854,0.011885999915003777,0.9503538995726496,0.9499225280479726,0.9539,0.9535031736166119,0.9555,404.2970886230469,0.04002941772341728,1088985.875,14109999.0,0.07717830687761307,1888.69140625,1.9470000267028809,1.8078415393829346,1.5256404876708984,2127.8401180180795,1613.195521395349,28.197607278823853,6.198876619338989,34.404136419296265,0.4699601213137309,0.6198876619338989,1954.25,2002.625,67.86572265625,106.0,64.49462890625,106.0,0.00048429462046093607,nan,nan,nan
52,0.01255331855888168,0.011893599984049798,0.9508880876068376,0.9504586389936156,0.954,0.9535807345148933,0.9555,409.72918701171875,0.040567249059677124,1092131.625,14109999.0,0.07740125060081482,1888.69140625,1.9616999626159668,1.8186582326889038,1.523824691772461,1825.9806635378322,1993.1304235389796,32.859055519104004,5.01723313331604,37.88504600524902,0.5476509253184001,0.501723313331604,2008.453125,2018.1796875,67.86572265625,106.0,64.49462890625,106.0,0.0004686047402353435,nan,nan,nan
53,0.012557057942399103,0.012150499972701073,0.9508213141025641,0.9504241592348863,0.9511,0.9503592657492032,0.9555,415.20550537109375,0.04110945761203766,1093771.5,14109999.0,0.07751746475696564,1888.69140625,1.9328999519348145,1.790663480758667,1.4814668893814087,1990.1774573602527,1836.5559181987048,30.148065328598022,5.444974422454834,35.5964879989624,0.5024677554766337,0.5444974422454834,2007.12890625,2013.84765625,67.86572265625,106.0,64.49462890625,106.0,0.000452945843340743,nan,nan,nan
54,0.012556089658457309,0.012586999921500683,0.950020032051282,0.9495938645551677,0.9514,0.9512191964178678,0.9555,410.20318603515625,0.04061418026685715,1090747.75,14109999.0,0.07730317115783691,1888.69140625,1.9091999530792236,1.7631911039352417,1.4369032382965088,2264.06294668009,2252.7417785047187,26.50102996826172,4.439035177230835,30.966253519058228,0.44168383280436196,0.4439035177230835,2002.03515625,2035.0859375,67.86572265625,106.0,64.49462890625,106.0,0.00043733338321784806,nan,nan,nan
55,0.012441272638403835,0.012875599864125252,0.9510216346153846,0.9506064992430371,0.9451,0.944740348260195,0.9555,416.3492126464844,0.04122269153594971,1094168.5,14109999.0,0.07754561305046082,1888.69140625,2.0490000247955322,1.8865728378295898,1.6125108003616333,2724.3291427887007,2448.1840069758264,22.023770570755005,4.084660291671753,26.11191415786743,0.3670628428459167,0.4084660291671753,1956.5859375,2083.265625,67.86572265625,106.0,64.49462890625,106.0,0.0004217827674798847,nan,nan,nan
56,0.01239127599988451,0.01189439986050129,0.9522068643162394,0.9518027778834688,0.9544,0.9539223448387396,0.9555,412.7572937011719,0.04086705669760704,1091742.25,14109999.0,0.07737366110086441,1888.69140625,1.9180999994277954,1.775041937828064,1.445214033126831,2626.4559563393677,2461.2058107239886,22.8444721698761,4.063049077987671,26.91179609298706,0.38074120283126833,0.4063049077987671,2028.6640625,2038.3515625,67.86572265625,106.0,64.49462890625,106.0,0.00040630934270713783,nan,nan,nan
57,0.012336755353503693,0.011818600010871887,0.9523737980769231,0.9520011514208582,0.9544,0.9540998809680719,0.9555,411.5877990722656,0.04075126349925995,1091517.5,14109999.0,0.07735773175954819,1888.69140625,1.933899998664856,1.7893965244293213,1.4823170900344849,2623.7392975350244,2654.064423408645,22.868125677108765,3.767806053161621,26.639389514923096,0.38113542795181277,0.3767806053161621,1944.015625,2023.30859375,67.86572265625,106.0,64.49462890625,106.0,0.000390928379301729,nan,nan,nan
58,0.01226996521676421,0.011466899979114532,0.9522903311965812,0.951918975046854,0.9571,0.9568001796495947,0.9571,410.8869934082031,0.040681879967451096,1090842.0,14109999.0,0.07730984687805176,1888.69140625,1.937000036239624,1.8017971515655518,1.5023058652877808,2019.7295716801468,1799.1284424979272,29.706947326660156,5.558246850967407,35.268454790115356,0.49511578877766926,0.5558246850967408,2000.48828125,2061.4140625,67.86572265625,106.0,64.49462890625,106.0,0.0003756550564175727,nan,nan,nan
59,0.012222355663473917,0.01133730004876852,0.9519564636752137,0.9515419046534538,0.9566,0.9563812292411724,0.9571,412.9034118652344,0.04088152199983597,1092234.75,14109999.0,0.0774085596203804,1888.69140625,1.9193999767303467,1.7813087701797485,1.488210678100586,1801.666811902579,2072.683146383682,33.30249500274658,4.824664115905762,38.13035702705383,0.5550415833791097,0.4824664115905762,2061.40234375,2050.4453125,67.86572265625,106.0,64.49462890625,106.0,0.00036050444698038553,nan,nan,nan
60,0.012175681010788132,0.01203019994199276,0.9542267628205128,0.9538742919800132,0.9521,0.9518936099070039,0.9571,415.8971862792969,0.041177939623594284,1092364.875,14109999.0,0.07741779088973999,1888.69140625,1.8930000066757202,1.7367923259735107,1.45990788936615,2049.8809926856384,2284.9476175318505,29.269991874694824,4.376467943191528,33.64949703216553,0.4878331979115804,0.4376467943191528,2028.8828125,2017.375,67.86572265625,106.0,64.49462890625,106.0,0.00034549150281252655,nan,nan,nan
61,0.012147936674479682,0.011730499929189682,0.9531750801282052,0.952805376175308,0.9562,0.9559496325999385,0.9571,412.8699035644531,0.040878210216760635,1092564.25,14109999.0,0.07743190973997116,1888.69140625,1.9598000049591064,1.8259778022766113,1.5336437225341797,2639.8415102172526,2462.483605181056,22.728637218475342,4.060940742492676,26.792592763900757,0.37881062030792234,0.4060940742492676,1978.484375,2039.28515625,67.86572265625,106.0,64.49462890625,106.0,0.0003306310398773544,nan,nan,nan
62,0.012130375233136563,0.011737100058794022,0.9540264423076923,0.9536704934837138,0.9584,0.9581377227743028,0.9584,408.22210693359375,0.040418028831481934,1091006.0,14109999.0,0.07732147723436356,1888.69140625,1.965999960899353,1.8250209093093872,1.5112806558609009,2738.7979187558635,2651.9637715146623,21.907421350479126,3.7707905769348145,25.683122396469116,0.3651236891746521,0.37707905769348143,2017.859375,2036.38671875,67.86572265625,106.0,64.49462890625,106.0,0.00031593772365766127,nan,nan,nan
63,0.012095936737222295,0.012516299968957902,0.9542434561965812,0.9539162458753726,0.9506,0.9500061180234187,0.9584,403.8229064941406,0.03998246416449547,1088750.875,14109999.0,0.07716165482997894,1888.69140625,2.007499933242798,1.8629286289215088,1.529167890548706,2887.499033611591,2840.3336886089,20.77922773361206,3.5207130908966064,24.303244829177856,0.3463204622268677,0.35207130908966067,1957.4140625,2009.50390625,67.86572265625,106.0,64.49462890625,106.0,0.0003014260546826097,nan,nan,nan
64,0.012038211110366397,0.011551099929213524,0.954276842948718,0.9539490043949816,0.9567,0.9564857004396649,0.9584,411.31451416015625,0.04072420671582222,1091144.75,14109999.0,0.0773313045501709,1888.69140625,1.8558000326156616,1.708895206451416,1.407630205154419,2905.4906641554076,2603.271927919545,20.650556802749634,3.8413197994232178,24.495251417160034,0.3441759467124939,0.3841319799423218,1952.65625,2008.16796875,67.86572265625,106.0,64.49462890625,106.0,0.0002871103542174637,nan,nan,nan
65,0.011915781824754026,0.011837199935317039,0.9547776442307693,0.9544492541694536,0.9562,0.9560477276693746,0.9584,408.5159912109375,0.04044712707400322,1090448.5,14109999.0,0.07728195935487747,1888.69140625,1.9132000207901,1.772537112236023,1.4255661964416504,2395.9534057588608,1837.5027545210287,25.04222321510315,5.442168712615967,30.488343238830566,0.41737038691838585,0.5442168712615967,1974.62109375,2072.4453125,67.86572265625,106.0,64.49462890625,106.0,0.0002730047501302267,nan,nan,nan
66,0.011931690643143514,0.011472499880194664,0.9546274038461539,0.9542840017302099,0.9539,0.9536006130696174,0.9584,412.8965148925781,0.04088084027171135,1091923.125,14109999.0,0.07738647609949112,1888.69140625,1.9378000497817993,1.7975678443908691,1.506184697151184,1789.6979794910953,2256.954780447686,33.52520966529846,4.43074893951416,37.98009419441223,0.558753494421641,0.443074893951416,2005.26171875,2040.5859375,67.86572265625,106.0,64.49462890625,106.0,0.00025912316294914234,nan,nan,nan
67,0.011825570815768188,0.011651900151371956,0.9553118322649573,0.9549758787380146,0.9563,0.9560872032074981,0.9584,416.1807861328125,0.04120602458715439,1093265.625,14109999.0,0.07748161256313324,1888.69140625,1.9042999744415283,1.7506012916564941,1.4658503532409668,1847.6225796505378,2744.3241459662636,32.474164724349976,3.6438844203948975,36.121098279953,0.5412360787391662,0.3643884420394897,1983.19921875,2015.12890625,67.86572265625,106.0,64.49462890625,106.0,0.0002454792921248144,nan,nan,nan
68,0.011858072866184207,0.01154489992260933,0.9554620726495726,0.9551089709964234,0.9563,0.9559466774332165,0.9584,411.11810302734375,0.04070476070046425,1092323.125,14109999.0,0.07741482555866241,1888.69140625,1.9261000156402588,1.7895011901855469,1.4485951662063599,2487.4456555646307,2377.189162254015,24.121129989624023,4.206648826599121,28.331026792526245,0.4020188331604004,0.4206648826599121,2003.32421875,2031.6875,67.86572265625,106.0,64.49462890625,106.0,0.00023208660251050164,nan,nan,nan
69,0.011822849869306207,0.011889999940991401,0.9564636752136753,0.9561764854078512,0.9522,0.9517540208068004,0.9584,419.3324890136719,0.04151806980371475,1094703.625,14109999.0,0.07758352905511856,1888.69140625,1.919800043106079,1.7792479991912842,1.5081511735916138,2453.4211577029223,2216.1234810166375,24.455646276474,4.512383937835693,28.971620559692383,0.40759410460789997,0.45123839378356934,1990.16015625,1994.33203125,67.86572265625,106.0,64.49462890625,106.0,0.00021895831107393473,nan,nan,nan
70,0.011759314856205422,0.012052999886870384,0.9560630341880342,0.9557694969514088,0.9569,0.9567898921948055,0.9584,409.96258544921875,0.04059035703539848,1091712.875,14109999.0,0.07737156748771667,1888.69140625,1.9217000007629395,1.7885881662368774,1.4656449556350708,2724.4499189317294,2219.7568277581377,22.022794246673584,4.504997968673706,26.530672073364258,0.36704657077789304,0.4504997968673706,1945.66015625,2047.65234375,67.86572265625,106.0,64.49462890625,106.0,0.00020610737385376356,nan,nan,nan
71,0.011711872236516613,0.011405899918079377,0.9564803685897436,0.9561655312832874,0.9572,0.956967685402453,0.9584,414.889892578125,0.04107820987701416,1093696.25,14109999.0,0.07751212269067764,1888.69140625,1.9184000492095947,1.8054742813110352,1.5300238132476807,2771.2373590868087,2493.591535910734,21.650978326797485,4.010279893875122,25.66490602493286,0.36084963877995807,0.4010279893875122,2027.953125,2069.01953125,67.86572265625,106.0,64.49462890625,106.0,0.00019354647317351177,nan,nan,nan
72,0.011633513546071183,0.01155199988782406,0.9566973824786325,0.9563765861734754,0.9538,0.9533922718911965,0.9584,412.4375,0.04083539918065071,1092111.875,14109999.0,0.077399842441082,1888.69140625,1.9641000032424927,1.824386715888977,1.5218698978424072,2213.921507813726,1819.7718239213318,27.101231813430786,5.495194435119629,32.599703311920166,0.4516871968905131,0.5495194435119629,2035.328125,2041.83984375,67.86572265625,106.0,64.49462890625,106.0,0.0001812880051256552,nan,nan,nan
73,0.011583667150977204,0.011407100027799606,0.9575153579059829,0.95724766320469,0.9566,0.9562781782152495,0.9584,408.3877868652344,0.04043443500995636,1091209.875,14109999.0,0.07733593136072159,1888.69140625,1.9168000221252441,1.7819360494613647,1.4315929412841797,1908.4839522647862,1976.2843279713818,31.4385666847229,5.060000658035278,36.5020112991333,0.5239761114120484,0.5060000658035279,1986.87890625,2038.11328125,67.86572265625,106.0,64.49462890625,106.0,0.00016934406733817422,nan,nan,nan
74,0.011632728960532218,0.011133499956130982,0.9571314102564102,0.9568364652580502,0.959,0.9588186061060442,0.959,410.5174865722656,0.0406452976167202,1091387.75,14109999.0,0.07734852284193039,1888.69140625,1.8717999458312988,1.7382689714431763,1.3982356786727905,2060.73650202624,2362.1428545683257,29.115803956985474,4.2334442138671875,33.35962724685669,0.4852633992830912,0.42334442138671874,2004.07421875,2042.92578125,67.86572265625,106.0,64.49462890625,106.0,0.0001577264470356557,nan,nan,nan
75,0.0115371093315144,0.011077799913287162,0.9574485844017094,0.9571565218246778,0.9577,0.9573645485078112,0.959,413.8948059082031,0.04097967967391014,1093196.75,14109999.0,0.07747673243284225,1888.69140625,1.8845000267028809,1.7618252038955688,1.494122862815857,2538.1876307863877,3156.4590137089062,23.638914346694946,3.168107032775879,26.810086011886597,0.3939819057782491,0.31681070327758787,2045.921875,2034.5859375,67.86572265625,106.0,64.49462890625,106.0,0.00014644660940672634,nan,nan,nan
76,0.011502704276647577,0.011297899907827378,0.9582498664529915,0.9579728784860171,0.9587,0.9583070300425783,0.959,410.57989501953125,0.04065147787332535,1091199.125,14109999.0,0.07733515650033951,1888.69140625,1.8870999813079834,1.756962537765503,1.4461482763290405,2779.920272089002,2518.6862586318352,21.58335280418396,3.9703238010406494,25.569613933563232,0.3597225467363993,0.39703238010406494,1965.16015625,2036.39453125,67.86572265625,106.0,64.49462890625,106.0,0.0001355156862892944,nan,nan,nan
77,0.011513354643805223,0.011080199944972991,0.957832532051282,0.9575634121819657,0.9594,0.9592864353916462,0.9594,412.7608947753906,0.04086741805076599,1092135.75,14109999.0,0.0774015411734581,1888.69140625,1.8446999788284302,1.7194079160690308,1.4257615804672241,2647.7513394168773,2531.3063509035546,22.660738229751587,3.9505293369293213,26.613869428634644,0.3776789704958598,0.39505293369293215,1997.578125,2036.0625,67.86572265625,106.0,64.49462890625,106.0,0.00012494446518477025,nan,nan,nan
78,0.011387653529452972,0.010987300035357476,0.9592180822649573,0.958927633538248,0.9605,0.9601906690937667,0.9605,411.5776062011719,0.040750257670879364,1091777.0,14109999.0,0.0773761197924614,1888.69140625,1.8674999475479126,1.742425799369812,1.3983243703842163,2382.1582125710643,2546.816370239699,25.187243938446045,3.9264707565307617,29.116609811782837,0.4197873989741007,0.39264707565307616,2023.859375,2023.89453125,67.86572265625,106.0,64.49462890625,106.0,0.00011474337861210548,nan,nan,nan
79,0.01135453386291957,0.011212199932336808,0.9580495459401709,0.9577788574608886,0.961,0.9607317951194358,0.961,408.32440185546875,0.04042815789580345,1091030.625,14109999.0,0.07732322067022324,1888.69140625,1.8973000049591064,1.7702393531799316,1.4143860340118408,2267.716440071556,1785.9034136427767,26.45833444595337,5.599406957626343,32.0933940410614,0.4409722407658895,0.5599406957626343,1961.1015625,2019.453125,67.86572265625,106.0,64.49462890625,106.0,0.00010492249381215483,nan,nan,nan
80,0.011301983094129425,0.011053899830579758,0.9599692841880342,0.9597172447904093,0.961,0.9608339149258219,0.961,408.9596862792969,0.04049105942249298,1091201.75,14109999.0,0.07733535021543503,1888.69140625,1.8565000295639038,1.7344433069229126,1.377849817276001,1654.5875539220744,1731.5963413864342,36.262813568115234,5.775017976760864,42.040958404541016,0.6043802261352539,0.5775017976760864,1988.74609375,2034.4609375,67.86572265625,106.0,64.49462890625,106.0,9.549150281252637e-05,nan,nan,nan
81,0.011266392775070973,0.011082599976658822,0.9598691239316239,0.9596416000077473,0.9591,0.9588635016225855,0.961,407.3091125488281,0.040327634662389755,1090382.125,14109999.0,0.077277272939682,1888.69140625,1.9144999980926514,1.7867792844772339,1.4560950994491577,2064.9091830327343,1890.6091002745782,29.056967973709106,5.2893006801605225,34.350037574768066,0.48428279956181847,0.5289300680160522,2034.51171875,2022.59375,67.86572265625,106.0,64.49462890625,106.0,8.645971286271918e-05,nan,nan,nan
82,0.011232321647107283,0.011035299971699714,0.9601195245726496,0.9598748876439798,0.9595,0.9592912303558776,0.961,407.5639953613281,0.040352873504161835,1090589.875,14109999.0,0.07729198038578033,1888.69140625,1.888100028038025,1.7638353109359741,1.430729866027832,2522.5080235982346,2373.955979382832,23.785851001739502,4.212378025054932,28.02398920059204,0.3964308500289917,0.42123780250549314,1961.26953125,2003.421875,67.86572265625,106.0,64.49462890625,106.0,7.78360372489926e-05,nan,nan,nan
83,0.011206964379112817,0.011061299854516983,0.9610209668803419,0.9607935963145838,0.9606,0.9603234045942987,0.961,410.1044921875,0.04060440510511398,1091781.25,14109999.0,0.07737641781568527,1888.69140625,1.8662999868392944,1.7425566911697388,1.388898253440857,2431.640786072659,2482.639063583745,24.674697160720825,4.0279717445373535,28.72675061225891,0.41124495267868044,0.40279717445373536,1946.59765625,1999.8046875,67.86572265625,106.0,64.49462890625,106.0,6.962898649802815e-05,nan,nan,nan
84,0.011179470426291546,0.011030399984121322,0.9607538728632479,0.9605086192586733,0.9585,0.9582466197270356,0.961,411.7355041503906,0.04076588898897171,1092381.75,14109999.0,0.07741896063089371,1888.69140625,1.9012000560760498,1.776630163192749,1.4681726694107056,2429.7088641769246,2430.8871614007735,24.694316625595093,4.11372447013855,28.811214447021484,0.41157194375991824,0.411372447013855,1948.4375,2012.8984375,67.86572265625,106.0,64.49462890625,106.0,6.184665997806824e-05,nan,nan,nan
85,0.011128171664487539,0.011056000021100043,0.9608707264957265,0.9606319083652133,0.9603,0.960017223665513,0.961,409.0647888183594,0.040501467883586884,1091261.5,14109999.0,0.07733958959579468,1888.69140625,1.8704999685287476,1.7494533061981201,1.4070227146148682,2480.348575089604,2156.147206166813,24.19014835357666,4.63790225982666,28.83113741874695,0.4031691392262777,0.463790225982666,1948.28515625,2028.80859375,67.86572265625,106.0,64.49462890625,106.0,5.449673790581613e-05,nan,nan,nan
86,0.011074051762429567,0.011073399850726128,0.9606870993589743,0.9604385855214155,0.9609,0.9607335174689785,0.961,409.41241455078125,0.040535882115364075,1091401.375,14109999.0,0.07734950631856918,1888.69140625,1.919700026512146,1.7994588613510132,1.4644131660461426,2171.9213330563766,1742.3916509513833,27.625309944152832,5.7392377853393555,33.367796897888184,0.4604218324025472,0.5739237785339355,1971.87109375,1993.5703125,67.86572265625,106.0,64.49462890625,106.0,4.758647376699034e-05,nan,nan,nan
87,0.011071430851554131,0.01103649996817112,0.9609375,0.960716456742747,0.9608,0.9606245991236262,0.961,408.88641357421875,0.04048380255699158,1091167.75,14109999.0,0.07733293622732162,1888.69140625,1.8978999853134155,1.7698792219161987,1.430393099784851,1735.092742272654,2028.5986528546878,34.580284118652344,4.929511308670044,39.52517223358154,0.5763380686442058,0.4929511308670044,1978.0859375,2054.140625,67.86572265625,106.0,64.49462890625,106.0,4.112268715800956e-05,nan,nan,nan
88,0.01100921469171428,0.011027299910783767,0.9614049145299145,0.9611847488339084,0.9602,0.96003389649035,0.961,409.8409118652344,0.04057830944657326,1091755.0,14109999.0,0.07737456262111664,1888.69140625,1.8703999519348145,1.7393251657485962,1.3732094764709473,2202.8197971213813,1840.0279642921819,27.237815856933594,5.434700012207031,32.675509452819824,0.4539635976155599,0.5434700012207031,2020.703125,2014.1953125,67.86572265625,106.0,64.49462890625,106.0,3.511175705587434e-05,nan,nan,nan
89,0.010989683401635569,0.010944999834895134,0.961471688034188,0.9612436895447629,0.9607,0.9604429271907391,0.961,409.3446044921875,0.040529169142246246,1091540.0,14109999.0,0.07735931128263474,1888.69140625,1.903499960899353,1.7805767059326172,1.455901026725769,2579.211616015694,2766.8922393374346,23.262922525405884,3.6141631603240967,26.881237506866455,0.3877153754234314,0.36141631603240965,2003.33984375,2035.66015625,67.86572265625,106.0,64.49462890625,106.0,2.9559615522887284e-05,nan,nan,nan
90,0.010960720453618301,0.01096449987590313,0.9615217681623932,0.9613003289024411,0.9613,0.9611074232708205,0.9613,408.71319580078125,0.04046665132045746,1091303.375,14109999.0,0.07734256237745285,1888.69140625,1.8832000494003296,1.7652137279510498,1.420931339263916,2791.211886772721,2678.0980088564934,21.496039152145386,3.7339932918548584,25.233526945114136,0.3582673192024231,0.37339932918548585,1969.0,1995.2265625,67.86572265625,106.0,64.49462890625,106.0,2.447174185242324e-05,nan,nan,nan
91,0.010899572557586635,0.010891999879479409,0.9628572382478633,0.9626530783272258,0.9606,0.960383595221115,0.9613,408.1217041015625,0.04040808603167534,1090992.5,14109999.0,0.07732050865888596,1888.69140625,1.8738000392913818,1.7497397661209106,1.3979393243789673,2847.6206981628134,2709.563121397201,21.07022190093994,3.690631866455078,24.763780117034912,0.3511703650156657,0.3690631866455078,2001.3203125,1997.4921875,67.86572265625,106.0,64.49462890625,106.0,1.9853157161528526e-05,nan,nan,nan
92,0.01087611839752326,0.010785000005364418,0.9623731303418803,0.9621494561621102,0.96,0.9597959705773469,0.9613,408.5014953613281,0.04044568911194801,1091096.625,14109999.0,0.07732789218425751,1888.69140625,1.8669999837875366,1.746250033378601,1.3934319019317627,2581.735463415062,2509.7217743631654,23.24018120765686,3.9845054149627686,27.228028535842896,0.3873363534609477,0.39845054149627684,2007.90234375,2001.28125,67.86572265625,106.0,64.49462890625,106.0,1.570841943568452e-05,nan,nan,nan
93,0.010884748850391908,0.010738699993491172,0.9629573985042735,0.962758007557229,0.9609,0.9607052493099768,0.9613,408.981689453125,0.04049323871731758,1091282.375,14109999.0,0.07734106481075287,1888.69140625,1.8716000318527222,1.7509626150131226,1.39707612991333,2344.655756969057,1723.3347553717904,25.590110540390015,5.802703142166138,31.39602756500244,0.42650184233983357,0.5802703142166138,2003.6953125,2002.71484375,67.86572265625,106.0,64.49462890625,106.0,1.204161903062634e-05,nan,nan,nan
94,0.010844033700016001,0.01088559981584549,0.9629907852564102,0.9627631492874068,0.9609,0.9607516387151526,0.9613,407.3682861328125,0.040333494544029236,1090780.875,14109999.0,0.07730552554130554,1888.69140625,1.896299958229065,1.773857831954956,1.4356707334518433,1782.7959567894163,1552.891888608779,33.655001163482666,6.439598321914673,40.09795117378235,0.5609166860580445,0.6439598321914672,1983.01171875,2015.25390625,67.86572265625,106.0,64.49462890625,106.0,8.85637463565564e-06,nan,nan,nan
95,0.010794487749982594,0.010811399808526039,0.9632077991452992,0.9630289616126481,0.9623,0.9620930330832749,0.9623,408.1899108886719,0.04041483998298645,1090990.625,14109999.0,0.0773203894495964,1888.69140625,1.8788000345230103,1.7673282623291016,1.4394152164459229,2033.151409471107,2723.8909878344284,29.510837078094482,3.6712188720703125,33.18574571609497,0.49184728463490807,0.36712188720703126,2002.4765625,2045.26171875,67.86572265625,106.0,64.49462890625,106.0,6.155829702431171e-06,nan,nan,nan
96,0.010808359927091843,0.01086969996392727,0.9633246527777778,0.963121407186487,0.9602,0.9599921095688423,0.9623,407.72760009765625,0.040369074791669846,1090900.0,14109999.0,0.07731395959854126,1888.69140625,1.8854000568389893,1.7595292329788208,1.4043759107589722,2844.9092516098817,2492.292369033854,21.090303659439087,4.012370347976685,25.1057345867157,0.35150506099065143,0.4012370347976685,2054.68359375,2043.765625,67.86572265625,106.0,64.49462890625,106.0,3.942649342761118e-06,nan,nan,nan
97,0.010774706144076891,0.010811699971556664,0.963157719017094,0.9629471473061451,0.9613,0.9611462323818876,0.9623,407.9689025878906,0.04039296135306358,1090996.5,14109999.0,0.07732079923152924,1888.69140625,1.8789000511169434,1.7577239274978638,1.4037569761276245,2738.366539769051,2613.5584876855733,21.91087245941162,3.8262009620666504,25.747437000274658,0.36518120765686035,0.38262009620666504,2006.1796875,2028.9296875,67.86572265625,106.0,64.49462890625,106.0,2.2190176984600023e-06,nan,nan,nan
98,0.010737546641005473,0.010865599891543388,0.9633413461538461,0.9631389344820711,0.9614,0.9612177369868757,0.9623,407.8880920410156,0.04038495942950249,1090971.375,14109999.0,0.07731901854276657,1888.69140625,1.881500005722046,1.76617431640625,1.4240483045578003,2589.571519025226,2832.3070284607993,23.169856309890747,3.5306906700134277,26.703272104263306,0.3861642718315125,0.3530690670013428,1949.06640625,2045.01171875,67.86572265625,106.0,64.49462890625,106.0,9.866357858642206e-07,nan,nan,nan
99,0.010741770153061256,0.010862199896574021,0.9636585202991453,0.9634623239348146,0.9609,0.9607739594485064,0.9623,407.5271911621094,0.04034922644495964,1090796.75,14109999.0,0.07730664312839508,1888.69140625,1.8846999406814575,1.7619940042495728,1.413723349571228,2576.1558758205565,3065.751958587719,23.290516138076782,3.2618424892425537,26.555505990982056,0.38817526896794635,0.32618424892425535,1959.35546875,2046.19140625,67.86572265625,106.0,64.49462890625,106.0,2.467198171342e-07,nan,nan,nan
100,0.010714426344165053,0.01084509994983673,0.9634748931623932,0.963265150462896,0.9616,0.961494721424789,0.9623,407.6731872558594,0.04036368429660797,1090849.5,14109999.0,0.07731039077043533,1888.69140625,1.8795000314712524,1.7605032920837402,1.4185248613357544,2462.1707410630042,2317.9845319734886,24.368740558624268,4.314092636108398,28.685964107513428,0.40614567597707113,0.43140926361083987,2008.40625,2055.2421875,67.86572265625,106.0,64.49462890625,106.0,0.0,nan,nan,nan
