run_id,epoch,model,hidden_dim,num_layers,T,tau,v_threshold,v_reset,tau_response,tau_refractory,input_gain,lr,weight_decay,alpha,label_scale,eval_subset,train_acc,train_macro_precision,train_macro_recall,train_macro_f1,test_acc,test_macro_precision,test_macro_recall,test_macro_f1,best_test_acc,best_test_macro_f1,train_time_sec,test_time_sec,epoch_time_sec,train_speed,test_speed,train_latency_ms_per_sample,test_latency_ms_per_sample,train_cpu_memory_mb,test_cpu_memory_mb,train_gpu_memory_allocated_mb,train_gpu_memory_reserved_mb,test_gpu_memory_allocated_mb,test_gpu_memory_reserved_mb,test_confusion_path,best_test_confusion_path,final_test_confusion_path,best_model_path,final_model_path,layer_0_loss,layer_1_loss,train_total_spikes,train_global_spike_rate,train_dense_synops,train_event_synops,train_energy_proxy_synops,train_event_to_dense_ratio,train_layer_0_spike_count,train_layer_0_spike_rate,train_layer_0_active_input_rate,train_layer_0_dense_synops,train_layer_0_event_synops,train_layer_0_event_to_dense_ratio,train_layer_1_spike_count,train_layer_1_spike_rate,train_layer_1_active_input_rate,train_layer_1_dense_synops,train_layer_1_event_synops,train_layer_1_event_to_dense_ratio,test_total_spikes,test_global_spike_rate,test_dense_synops,test_event_synops,test_energy_proxy_synops,test_event_to_dense_ratio,test_layer_0_spike_count,test_layer_0_spike_rate,test_layer_0_active_input_rate,test_layer_0_dense_synops,test_layer_0_event_synops,test_layer_0_event_to_dense_ratio,test_layer_1_spike_count,test_layer_1_spike_rate,test_layer_1_active_input_rate,test_layer_1_dense_synops,test_layer_1_event_synops,test_layer_1_event_to_dense_ratio
20260325_150343,1,dynsrm,768,2,10,2.0,0.5,0.0,2.0,2.0,1.0,0.0008,0.0001,6.0,1.0,10000,0.8894,0.8883638128015475,0.8878611945441641,0.8876094739688005,0.881,0.881015676334077,0.879597786409621,0.8795225061185625,0.881,0.8795225061185625,19.98702073097229,3.9584460258483887,30.076708793640137,2971.528413335008,2526.243868098912,0.3365271540101746,0.3958446025848389,1422.6484375,1437.29296875,488.234375,676.0,262.8515625,738.0,,./result/2layers/dynsrm/MNIST_dynsrm_FF_v2_20260325_150343_best_test_confusion.csv,./result/2layers/dynsrm/MNIST_dynsrm_FF_v2_20260325_150343_final_test_confusion.csv,./result/2layers/dynsrm/MNIST_dynsrm_FF_v2_20260325_150343_best_model.pth,./result/2layers/dynsrm/MNIST_dynsrm_FF_v2_20260325_150343_final_model.pth,-0.17173031502371205,-0.16087968307868417,19476622.0,0.012680092447916666,1191936000000.0,124620893184.0,124620893184.0,0.10455334278350516,11045288.0,0.014381885416666667,0.19288456632653062,602112000000.0,116138112000.0,0.19288456632653062,8431334.0,0.010978299479166667,0.014381885416666667,589824000000.0,8482781184.0,0.014381885416666667,19487386.0,0.012687100260416667,1191936000000.0,125290129152.0,125290129152.0,0.1051148125,11016289.0,0.014344126302083333,0.1940330357142857,602112000000.0,116829619200.0,0.1940330357142857,8471097.0,0.01103007421875,0.014344126302083333,589824000000.0,8460509952.0,0.014344126302083333
20260325_150343,2,dynsrm,768,2,10,2.0,0.5,0.0,2.0,2.0,1.0,0.0008,0.0001,6.0,1.0,10000,0.9273,0.9265235725475558,0.9259272177967179,0.92601315760863,0.917,0.9160909176917287,0.9157211535126694,0.915770535875355,0.917,0.915770535875355,20.461982488632202,4.140138626098633,30.73373293876648,2902.5535542802677,2415.3780593147135,0.3445242202423256,0.4140138626098633,1440.80078125,1439.60546875,488.28125,738.0,261.5390625,738.0,,./result/2layers/dynsrm/MNIST_dynsrm_FF_v2_20260325_150343_best_test_confusion.csv,./result/2layers/dynsrm/MNIST_dynsrm_FF_v2_20260325_150343_final_test_confusion.csv,./result/2layers/dynsrm/MNIST_dynsrm_FF_v2_20260325_150343_best_model.pth,./result/2layers/dynsrm/MNIST_dynsrm_FF_v2_20260325_150343_final_model.pth,-0.23642373470396832,-0.22202355543087268,15029386.0,0.009784756510416666,1191936000000.0,122833152000.0,122833152000.0,0.1030534793814433,8717500.0,0.011350911458333333,0.19288456632653062,602112000000.0,116138112000.0,0.19288456632653062,6311886.0,0.0082186015625,0.011350911458333333,589824000000.0,6695040000.0,0.011350911458333333,14848627.0,0.009667074869791667,1191936000000.0,123456126720.0,123456126720.0,0.10357613724226804,8628265.0,0.011234720052083333,0.1940330357142857,602112000000.0,116829619200.0,0.1940330357142857,6220362.0,0.0080994296875,0.011234720052083333,589824000000.0,6626507520.0,0.011234720052083333
20260325_150343,3,dynsrm,768,2,10,2.0,0.5,0.0,2.0,2.0,1.0,0.0008,0.0001,6.0,1.0,10000,0.9387,0.9379187918866932,0.9379526008200262,0.937774432605764,0.9294,0.9295661652179005,0.9287696160572796,0.9288339629222838,0.9294,0.9288339629222838,20.19566059112549,4.171556711196899,30.43287467956543,2940.829775387413,2397.186636144474,0.34004008269001695,0.41715567111968993,1440.609375,1439.6640625,488.21875,738.0,261.90234375,738.0,,./result/2layers/dynsrm/MNIST_dynsrm_FF_v2_20260325_150343_best_test_confusion.csv,./result/2layers/dynsrm/MNIST_dynsrm_FF_v2_20260325_150343_final_test_confusion.csv,./result/2layers/dynsrm/MNIST_dynsrm_FF_v2_20260325_150343_best_model.pth,./result/2layers/dynsrm/MNIST_dynsrm_FF_v2_20260325_150343_final_model.pth,-0.24364048345335598,-0.237965091549117,13215139.0,0.008603606119791666,1191936000000.0,121918176000.0,121918176000.0,0.10228584085051547,7526125.0,0.009799641927083333,0.19288456632653062,602112000000.0,116138112000.0,0.19288456632653062,5689014.0,0.0074075703125,0.009799641927083333,589824000000.0,5780064000.0,0.009799641927083333,13137268.0,0.008552908854166666,1191936000000.0,122574873600.0,122574873600.0,0.1028367912371134,7480800.0,0.009740625,0.1940330357142857,602112000000.0,116829619200.0,0.1940330357142857,5656468.0,0.007365192708333333,0.009740625,589824000000.0,5745254400.0,0.009740625
20260325_150343,4,dynsrm,768,2,10,2.0,0.5,0.0,2.0,2.0,1.0,0.0008,0.0001,6.0,1.0,10000,0.9559,0.9552493744806734,0.9552437142907451,0.9551733923871124,0.9419,0.941285612340003,0.9412079017410061,0.9411358042558187,0.9419,0.9411358042558187,20.293280839920044,4.193681240081787,30.610846042633057,2926.6829976140025,2384.539841612992,0.3416837425902486,0.4193681240081787,1440.6640625,1440.23046875,488.21875,738.0,261.609375,738.0,,./result/2layers/dynsrm/MNIST_dynsrm_FF_v2_20260325_150343_best_test_confusion.csv,./result/2layers/dynsrm/MNIST_dynsrm_FF_v2_20260325_150343_final_test_confusion.csv,./result/2layers/dynsrm/MNIST_dynsrm_FF_v2_20260325_150343_best_model.pth,./result/2layers/dynsrm/MNIST_dynsrm_FF_v2_20260325_150343_final_model.pth,-0.24790040018229648,-0.2472729056045927,11420236.0,0.007435049479166666,1191936000000.0,121124498688.0,121124498688.0,0.10161996842783505,6492691.0,0.008454024739583333,0.19288456632653062,602112000000.0,116138112000.0,0.19288456632653062,4927545.0,0.00641607421875,0.008454024739583333,589824000000.0,4986386688.0,0.008454024739583333,11245572.0,0.0073213359375,1191936000000.0,121749704448.0,121749704448.0,0.10214449806701031,6406361.0,0.008341615885416667,0.1940330357142857,602112000000.0,116829619200.0,0.1940330357142857,4839211.0,0.0063010559895833335,0.008341615885416667,589824000000.0,4920085248.0,0.008341615885416667
20260325_150343,5,dynsrm,768,2,10,2.0,0.5,0.0,2.0,2.0,1.0,0.0008,0.0001,6.0,1.0,10000,0.9622,0.9616268131608603,0.9616660919590233,0.9615558607725921,0.9485,0.9481021600780164,0.9478930534001722,0.947888269505033,0.9485,0.947888269505033,20.529094219207764,4.174823999404907,30.904685735702515,2893.064806747815,2395.310557145746,0.3456541995421566,0.41748239994049074,1441.2421875,1440.546875,488.28125,738.0,261.88671875,738.0,,./result/2layers/dynsrm/MNIST_dynsrm_FF_v2_20260325_150343_best_test_confusion.csv,./result/2layers/dynsrm/MNIST_dynsrm_FF_v2_20260325_150343_final_test_confusion.csv,./result/2layers/dynsrm/MNIST_dynsrm_FF_v2_20260325_150343_best_model.pth,./result/2layers/dynsrm/MNIST_dynsrm_FF_v2_20260325_150343_final_model.pth,-0.2510293162074582,-0.2521575828050745,10940708.0,0.007122856770833333,1191936000000.0,120899088384.0,120899088384.0,0.1014308556701031,6199188.0,0.008071859375,0.19288456632653062,602112000000.0,116138112000.0,0.19288456632653062,4741520.0,0.006173854166666667,0.008071859375,589824000000.0,4760976384.0,0.008071859375,10833662.0,0.007053165364583333,1191936000000.0,121541608704.0,121541608704.0,0.10196991172680413,6135403.0,0.007988805989583334,0.1940330357142857,602112000000.0,116829619200.0,0.1940330357142857,4698259.0,0.006117524739583333,0.007988805989583334,589824000000.0,4711989504.0,0.007988805989583334
20260325_150343,6,dynsrm,768,2,10,2.0,0.5,0.0,2.0,2.0,1.0,0.0008,0.0001,6.0,1.0,10000,0.9676,0.9671186885284653,0.9674538308116469,0.9672620079114923,0.9513,0.9507854191236623,0.9508875540763955,0.9507237531663879,0.9513,0.9507237531663879,20.51516842842102,4.214690685272217,30.820821046829224,2895.0286324591093,2372.653356257892,0.3454197270410328,0.42146906852722166,1441.55859375,1441.078125,488.21875,738.0,262.2421875,738.0,,./result/2layers/dynsrm/MNIST_dynsrm_FF_v2_20260325_150343_best_test_confusion.csv,./result/2layers/dynsrm/MNIST_dynsrm_FF_v2_20260325_150343_final_test_confusion.csv,./result/2layers/dynsrm/MNIST_dynsrm_FF_v2_20260325_150343_best_model.pth,./result/2layers/dynsrm/MNIST_dynsrm_FF_v2_20260325_150343_final_model.pth,-0.25338369864841986,-0.25547177370252283,10150397.0,0.006608331380208333,1191936000000.0,120592766976.0,120592766976.0,0.10117386082474226,5800332.0,0.007552515625,0.19288456632653062,602112000000.0,116138112000.0,0.19288456632653062,4350065.0,0.005664147135416667,0.007552515625,589824000000.0,4454654976.0,0.007552515625,10013446.0,0.006519170572916667,1191936000000.0,121224670464.0,121224670464.0,0.10170400966494846,5722723.0,0.007451462239583333,0.1940330357142857,602112000000.0,116829619200.0,0.1940330357142857,4290723.0,0.00558687890625,0.007451462239583333,589824000000.0,4395051264.0,0.007451462239583333
20260325_150343,7,dynsrm,768,2,10,2.0,0.5,0.0,2.0,2.0,1.0,0.0008,0.0001,6.0,1.0,10000,0.9706,0.9702362645242362,0.9704118917501052,0.9702835902780537,0.9563,0.9563131923876178,0.95575569683725,0.9559031246766981,0.9563,0.9559031246766981,20.41451072692871,4.317535877227783,30.804133653640747,2909.303132190977,2316.1359359498433,0.3437249246856262,0.43175358772277833,1441.109375,1441.12109375,488.21875,738.0,261.88671875,738.0,,./result/2layers/dynsrm/MNIST_dynsrm_FF_v2_20260325_150343_best_test_confusion.csv,./result/2layers/dynsrm/MNIST_dynsrm_FF_v2_20260325_150343_final_test_confusion.csv,./result/2layers/dynsrm/MNIST_dynsrm_FF_v2_20260325_150343_best_model.pth,./result/2layers/dynsrm/MNIST_dynsrm_FF_v2_20260325_150343_final_model.pth,-0.2548349643575734,-0.25743469184842604,9497716.0,0.006183408854166667,1191936000000.0,120268286976.0,120268286976.0,0.10090163144329897,5377832.0,0.007002385416666666,0.19288456632653062,602112000000.0,116138112000.0,0.19288456632653062,4119884.0,0.005364432291666667,0.007002385416666666,589824000000.0,4130174976.0,0.007002385416666666,9354081.0,0.006089896484375,1191936000000.0,120898438656.0,120898438656.0,0.10143031056701031,5297942.0,0.006898361979166667,0.1940330357142857,602112000000.0,116829619200.0,0.1940330357142857,4056139.0,0.005281430989583333,0.006898361979166667,589824000000.0,4068819456.0,0.006898361979166667
20260325_150343,8,dynsrm,768,2,10,2.0,0.5,0.0,2.0,2.0,1.0,0.0008,0.0001,6.0,1.0,10000,0.9768,0.9767095105683868,0.9764126423508662,0.976544196938117,0.9581,0.9578139597915296,0.9573454169324384,0.9574957276308365,0.9581,0.9574957276308365,20.304187059402466,4.277695178985596,30.64105486869812,2925.110955008501,2337.707476008466,0.3418673737103055,0.42776951789855955,1441.15234375,1441.1328125,488.21875,738.0,262.2421875,738.0,,./result/2layers/dynsrm/MNIST_dynsrm_FF_v2_20260325_150343_best_test_confusion.csv,./result/2layers/dynsrm/MNIST_dynsrm_FF_v2_20260325_150343_final_test_confusion.csv,./result/2layers/dynsrm/MNIST_dynsrm_FF_v2_20260325_150343_best_model.pth,./result/2layers/dynsrm/MNIST_dynsrm_FF_v2_20260325_150343_final_model.pth,-0.25610321657410984,-0.25913419137740956,9031435.0,0.005879840494791667,1191936000000.0,120068294400.0,120068294400.0,0.10073384342783505,5117425.0,0.0066633138020833335,0.19288456632653062,602112000000.0,116138112000.0,0.19288456632653062,3914010.0,0.0050963671875,0.0066633138020833335,589824000000.0,3930182400.0,0.0066633138020833335,8899043.0,0.005793647786458333,1191936000000.0,120701863680.0,120701863680.0,0.10126538981958763,5041985.0,0.006565084635416667,0.1940330357142857,602112000000.0,116829619200.0,0.1940330357142857,3857058.0,0.0050222109375,0.006565084635416667,589824000000.0,3872244480.0,0.006565084635416667
20260325_150343,9,dynsrm,768,2,10,2.0,0.5,0.0,2.0,2.0,1.0,0.0008,0.0001,6.0,1.0,10000,0.9773,0.9771115657984153,0.9771290764827649,0.977097277948984,0.9608,0.9605697846173818,0.9604076320715647,0.9604027052465536,0.9608,0.9604027052465536,20.547883987426758,4.274826288223267,30.844457149505615,2890.419278030864,2339.2763414852748,0.34597056821502487,0.4274826288223267,1441.640625,1441.65234375,488.21875,738.0,261.88671875,738.0,,./result/2layers/dynsrm/MNIST_dynsrm_FF_v2_20260325_150343_best_test_confusion.csv,./result/2layers/dynsrm/MNIST_dynsrm_FF_v2_20260325_150343_final_test_confusion.csv,./result/2layers/dynsrm/MNIST_dynsrm_FF_v2_20260325_150343_best_model.pth,./result/2layers/dynsrm/MNIST_dynsrm_FF_v2_20260325_150343_final_model.pth,-0.2575715759704853,-0.2607726403351488,8287490.0,0.005395501302083334,1191936000000.0,119707756800.0,119707756800.0,0.10043136275773196,4647975.0,0.00605205078125,0.19288456632653062,602112000000.0,116138112000.0,0.19288456632653062,3639515.0,0.004738951822916667,0.00605205078125,589824000000.0,3569644800.0,0.00605205078125,8201974.0,0.005339826822916667,1191936000000.0,120360459264.0,120360459264.0,0.10097896134020619,4597448.0,0.005986260416666667,0.1940330357142857,602112000000.0,116829619200.0,0.1940330357142857,3604526.0,0.004693393229166666,0.005986260416666667,589824000000.0,3530840064.0,0.005986260416666667
20260325_150343,10,dynsrm,768,2,10,2.0,0.5,0.0,2.0,2.0,1.0,0.0008,0.0001,6.0,1.0,10000,0.9797,0.979480294498836,0.9796186965707505,0.9795310365513081,0.9628,0.9626857560575399,0.9623829785599114,0.9624883098405732,0.9628,0.9624883098405732,20.337782621383667,4.30557918548584,30.653998136520386,2920.279024791706,2322.567898346899,0.34243303174474116,0.430557918548584,1441.66796875,1441.65234375,488.21875,738.0,262.2421875,738.0,,./result/2layers/dynsrm/MNIST_dynsrm_FF_v2_20260325_150343_best_test_confusion.csv,./result/2layers/dynsrm/MNIST_dynsrm_FF_v2_20260325_150343_final_test_confusion.csv,./result/2layers/dynsrm/MNIST_dynsrm_FF_v2_20260325_150343_best_model.pth,./result/2layers/dynsrm/MNIST_dynsrm_FF_v2_20260325_150343_final_model.pth,-0.2583044859869727,-0.26205080798987684,8160466.0,0.005312803385416667,1191936000000.0,119626748928.0,119626748928.0,0.10036339948453608,4542496.0,0.0059147083333333334,0.19288456632653062,602112000000.0,116138112000.0,0.19288456632653062,3617970.0,0.0047108984375,0.0059147083333333334,589824000000.0,3488636928.0,0.0059147083333333334,8067368.0,0.005252192708333333,1191936000000.0,120279194112.0,120279194112.0,0.10091078221649484,4491634.0,0.005848481770833333,0.1940330357142857,602112000000.0,116829619200.0,0.1940330357142857,3575734.0,0.004655903645833333,0.005848481770833333,589824000000.0,3449574912.0,0.005848481770833333
20260325_150343,11,dynsrm,768,2,10,2.0,0.5,0.0,2.0,2.0,1.0,0.0008,0.0001,6.0,1.0,10000,0.9817,0.9814559451892887,0.9815352418056273,0.9814671523308591,0.9625,0.9623802863066983,0.9620854357517503,0.9621412416181532,0.9628,0.9624883098405732,20.194262266159058,4.283941984176636,30.483681201934814,2941.0334092534463,2334.2986522545025,0.34001653869475784,0.4283941984176636,1441.6484375,1441.65234375,488.21875,738.0,261.88671875,738.0,,./result/2layers/dynsrm/MNIST_dynsrm_FF_v2_20260325_150343_best_test_confusion.csv,./result/2layers/dynsrm/MNIST_dynsrm_FF_v2_20260325_150343_final_test_confusion.csv,./result/2layers/dynsrm/MNIST_dynsrm_FF_v2_20260325_150343_best_model.pth,./result/2layers/dynsrm/MNIST_dynsrm_FF_v2_20260325_150343_final_model.pth,-0.2595222849270393,-0.2634424058527782,7659269.0,0.004986503255208333,1191936000000.0,119394190848.0,119394190848.0,0.10016828994845361,4239686.0,0.005520424479166667,0.19288456632653062,602112000000.0,116138112000.0,0.19288456632653062,3419583.0,0.00445258203125,0.005520424479166667,589824000000.0,3256078848.0,0.005520424479166667,7545580.0,0.004912486979166667,1191936000000.0,120035259648.0,120035259648.0,0.10070612822164948,4174011.0,0.00543491015625,0.1940330357142857,602112000000.0,116829619200.0,0.1940330357142857,3371569.0,0.004390063802083333,0.00543491015625,589824000000.0,3205640448.0,0.00543491015625
20260325_150343,12,dynsrm,768,2,10,2.0,0.5,0.0,2.0,2.0,1.0,0.0008,0.0001,6.0,1.0,10000,0.9816,0.981448745836704,0.981592740877014,0.9814772283598747,0.9648,0.964643172489733,0.9643279128482749,0.9643929188082977,0.9648,0.9643929188082977,20.31566286087036,4.409076452255249,30.832525730133057,2923.458634194697,2268.0486737500287,0.34206059504428815,0.4409076452255249,1442.16796875,1442.1796875,488.21875,738.0,262.2421875,738.0,,./result/2layers/dynsrm/MNIST_dynsrm_FF_v2_20260325_150343_best_test_confusion.csv,./result/2layers/dynsrm/MNIST_dynsrm_FF_v2_20260325_150343_final_test_confusion.csv,./result/2layers/dynsrm/MNIST_dynsrm_FF_v2_20260325_150343_best_model.pth,./result/2layers/dynsrm/MNIST_dynsrm_FF_v2_20260325_150343_final_model.pth,-0.2603742202808117,-0.26429566740989685,7302898.0,0.004754490885416666,1191936000000.0,119240385024.0,119240385024.0,0.1000392512886598,4039418.0,0.005259658854166667,0.19288456632653062,602112000000.0,116138112000.0,0.19288456632653062,3263480.0,0.004249322916666667,0.005259658854166667,589824000000.0,3102273024.0,0.005259658854166667,7170821.0,0.004668503255208334,1191936000000.0,119871890688.0,119871890688.0,0.10056906636597938,3961291.0,0.0051579309895833335,0.1940330357142857,602112000000.0,116829619200.0,0.1940330357142857,3209530.0,0.004179075520833333,0.0051579309895833335,589824000000.0,3042271488.0,0.0051579309895833335
20260325_150343,13,dynsrm,768,2,10,2.0,0.5,0.0,2.0,2.0,1.0,0.0008,0.0001,6.0,1.0,10000,0.9839,0.9837412995823875,0.9837550977639875,0.9837241714905958,0.9667,0.9667781482194243,0.9662254444143794,0.9663591686132861,0.9667,0.9663591686132861,20.29441499710083,4.269818305969238,30.652732849121094,2926.5194393868696,2342.0200306930915,0.34170283871734963,0.42698183059692385,1442.1875,1442.19921875,488.21875,738.0,261.88671875,738.0,,./result/2layers/dynsrm/MNIST_dynsrm_FF_v2_20260325_150343_best_test_confusion.csv,./result/2layers/dynsrm/MNIST_dynsrm_FF_v2_20260325_150343_final_test_confusion.csv,./result/2layers/dynsrm/MNIST_dynsrm_FF_v2_20260325_150343_best_model.pth,./result/2layers/dynsrm/MNIST_dynsrm_FF_v2_20260325_150343_final_model.pth,-0.26113371294120263,-0.26543038055814544,7262567.0,0.0047282337239583335,1191936000000.0,119212575744.0,119212575744.0,0.10001592010309278,4003208.0,0.0052125104166666665,0.19288456632653062,602112000000.0,116138112000.0,0.19288456632653062,3259359.0,0.00424395703125,0.0052125104166666665,589824000000.0,3074463744.0,0.0052125104166666665,7161012.0,0.0046621171875,1191936000000.0,119857741056.0,119857741056.0,0.10055719523195876,3942867.0,0.00513394140625,0.1940330357142857,602112000000.0,116829619200.0,0.1940330357142857,3218145.0,0.00419029296875,0.00513394140625,589824000000.0,3028121856.0,0.00513394140625
20260325_150343,14,dynsrm,768,2,10,2.0,0.5,0.0,2.0,2.0,1.0,0.0008,0.0001,6.0,1.0,10000,0.9854,0.9852509769816942,0.9852687859397712,0.9852356701652691,0.9651,0.9650868658127125,0.9647706228482928,0.964792805339729,0.9667,0.9663591686132861,20.112913608551025,4.195633172988892,30.30457329750061,2952.9287081882276,2383.4304830029228,0.3386468482043209,0.4195633172988892,1442.21484375,1442.15625,488.21875,738.0,262.2421875,738.0,,./result/2layers/dynsrm/MNIST_dynsrm_FF_v2_20260325_150343_best_test_confusion.csv,./result/2layers/dynsrm/MNIST_dynsrm_FF_v2_20260325_150343_final_test_confusion.csv,./result/2layers/dynsrm/MNIST_dynsrm_FF_v2_20260325_150343_best_model.pth,./result/2layers/dynsrm/MNIST_dynsrm_FF_v2_20260325_150343_final_model.pth,-0.2618258621158271,-0.2661563373845199,6975968.0,0.004541645833333333,1191936000000.0,119087833344.0,119087833344.0,0.09991126481958763,3840783.0,0.00500101953125,0.19288456632653062,602112000000.0,116138112000.0,0.19288456632653062,3135185.0,0.004082272135416667,0.00500101953125,589824000000.0,2949721344.0,0.00500101953125,6896412.0,0.0044898515625,1191936000000.0,119745231360.0,119745231360.0,0.10046280283505155,3796370.0,0.004943190104166667,0.1940330357142857,602112000000.0,116829619200.0,0.1940330357142857,3100042.0,0.004036513020833334,0.004943190104166667,589824000000.0,2915612160.0,0.004943190104166667
20260325_150343,15,dynsrm,768,2,10,2.0,0.5,0.0,2.0,2.0,1.0,0.0008,0.0001,6.0,1.0,10000,0.9865,0.9862148549486301,0.9864810711477581,0.98632260088601,0.9675,0.9672284167683811,0.9672921031063902,0.9671836956651866,0.9675,0.9671836956651866,20.187909603118896,4.31415057182312,30.514736890792847,2941.9588836886974,2317.9534032290608,0.33990957709992753,0.431415057182312,1442.1640625,1442.1796875,488.21875,738.0,261.88671875,738.0,,./result/2layers/dynsrm/MNIST_dynsrm_FF_v2_20260325_150343_best_test_confusion.csv,./result/2layers/dynsrm/MNIST_dynsrm_FF_v2_20260325_150343_final_test_confusion.csv,./result/2layers/dynsrm/MNIST_dynsrm_FF_v2_20260325_150343_best_model.pth,./result/2layers/dynsrm/MNIST_dynsrm_FF_v2_20260325_150343_final_model.pth,-0.2621654272079468,-0.26673061272193643,6648733.0,0.004328602213541667,1191936000000.0,118950746880.0,118950746880.0,0.09979625322164948,3662285.0,0.004768600260416667,0.19288456632653062,602112000000.0,116138112000.0,0.19288456632653062,2986448.0,0.0038886041666666665,0.004768600260416667,589824000000.0,2812634880.0,0.004768600260416667,6545678.0,0.004261509114583333,1191936000000.0,119598408960.0,119598408960.0,0.1003396230670103,3605195.0,0.004694264322916667,0.1940330357142857,602112000000.0,116829619200.0,0.1940330357142857,2940483.0,0.00382875390625,0.004694264322916667,589824000000.0,2768789760.0,0.004694264322916667
20260325_150343,16,dynsrm,768,2,10,2.0,0.5,0.0,2.0,2.0,1.0,0.0008,0.0001,6.0,1.0,10000,0.9878,0.987579899935785,0.9878844950964918,0.9877115867902594,0.9705,0.9702375679114482,0.9702986066987751,0.9702233254150517,0.9705,0.9702233254150517,20.311906576156616,4.178827524185181,30.62193489074707,2923.999269951253,2393.0157303991327,0.34199734940996457,0.4178827524185181,1442.1796875,1442.15234375,488.21875,738.0,262.2421875,738.0,,./result/2layers/dynsrm/MNIST_dynsrm_FF_v2_20260325_150343_best_test_confusion.csv,./result/2layers/dynsrm/MNIST_dynsrm_FF_v2_20260325_150343_final_test_confusion.csv,./result/2layers/dynsrm/MNIST_dynsrm_FF_v2_20260325_150343_best_model.pth,./result/2layers/dynsrm/MNIST_dynsrm_FF_v2_20260325_150343_final_model.pth,-0.2628073065445341,-0.2675050291521796,6584766.0,0.00428695703125,1191936000000.0,118936912128.0,118936912128.0,0.09978464626288659,3644271.0,0.00474514453125,0.19288456632653062,602112000000.0,116138112000.0,0.19288456632653062,2940495.0,0.00382876953125,0.00474514453125,589824000000.0,2798800128.0,0.00474514453125,6499323.0,0.004231330078125,1191936000000.0,119591047680.0,119591047680.0,0.10033344716494845,3595610.0,0.004681783854166666,0.1940330357142857,602112000000.0,116829619200.0,0.1940330357142857,2903713.0,0.0037808763020833335,0.004681783854166666,589824000000.0,2761428480.0,0.004681783854166666
20260325_150343,17,dynsrm,768,2,10,2.0,0.5,0.0,2.0,2.0,1.0,0.0008,0.0001,6.0,1.0,10000,0.9883,0.988164173507925,0.988289291243337,0.988213604141459,0.9701,0.969956585500856,0.9698059062217308,0.9698168705775114,0.9705,0.9702233254150517,20.466254949569702,4.145013332366943,30.675849676132202,2901.947627758282,2412.537475311246,0.3445961568825718,0.41450133323669436,1442.15234375,1442.15234375,488.21875,738.0,261.88671875,738.0,,./result/2layers/dynsrm/MNIST_dynsrm_FF_v2_20260325_150343_best_test_confusion.csv,./result/2layers/dynsrm/MNIST_dynsrm_FF_v2_20260325_150343_final_test_confusion.csv,./result/2layers/dynsrm/MNIST_dynsrm_FF_v2_20260325_150343_best_model.pth,./result/2layers/dynsrm/MNIST_dynsrm_FF_v2_20260325_150343_final_model.pth,-0.26311579295273485,-0.2680510955637899,6176259.0,0.004021001953125,1191936000000.0,118747883520.0,118747883520.0,0.09962605670103093,3398140.0,0.004424661458333333,0.19288456632653062,602112000000.0,116138112000.0,0.19288456632653062,2778119.0,0.003617342447916667,0.004424661458333333,589824000000.0,2609771520.0,0.004424661458333333,6073993.0,0.003954422526041667,1191936000000.0,119394273792.0,119394273792.0,0.10016835953608247,3339394.0,0.004348169270833333,0.1940330357142857,602112000000.0,116829619200.0,0.1940330357142857,2734599.0,0.00356067578125,0.004348169270833333,589824000000.0,2564654592.0,0.004348169270833333
20260325_150343,18,dynsrm,768,2,10,2.0,0.5,0.0,2.0,2.0,1.0,0.0008,0.0001,6.0,1.0,10000,0.9896,0.9896526347425828,0.9894623570023853,0.9895499915603801,0.9718,0.9715224421128619,0.9715061601839222,0.971501228631945,0.9718,0.971501228631945,20.31531596183777,4.2513322830200195,30.577332735061646,2923.5085544112435,2352.2038114829024,0.3420547542065896,0.42513322830200195,1442.65234375,1442.64453125,488.21875,738.0,262.2421875,738.0,,./result/2layers/dynsrm/MNIST_dynsrm_FF_v2_20260325_150343_best_test_confusion.csv,./result/2layers/dynsrm/MNIST_dynsrm_FF_v2_20260325_150343_final_test_confusion.csv,./result/2layers/dynsrm/MNIST_dynsrm_FF_v2_20260325_150343_best_model.pth,./result/2layers/dynsrm/MNIST_dynsrm_FF_v2_20260325_150343_final_model.pth,-0.26368725402601834,-0.26859869217050486,6075275.0,0.003955257161458333,1191936000000.0,118689100800.0,118689100800.0,0.09957673969072164,3321600.0,0.004325,0.19288456632653062,602112000000.0,116138112000.0,0.19288456632653062,2753675.0,0.0035855143229166666,0.004325,589824000000.0,2550988800.0,0.004325,5950064.0,0.003873739583333333,1191936000000.0,119325866496.0,119325866496.0,0.10011096778350516,3250322.0,0.004232190104166667,0.1940330357142857,602112000000.0,116829619200.0,0.1940330357142857,2699742.0,0.0035152890625,0.004232190104166667,589824000000.0,2496247296.0,0.004232190104166667
20260325_150343,19,dynsrm,768,2,10,2.0,0.5,0.0,2.0,2.0,1.0,0.0008,0.0001,6.0,1.0,10000,0.9881,0.9881009539775759,0.9880589177377285,0.9880553131594014,0.9675,0.9677102379156557,0.9669843107900491,0.967141585331819,0.9718,0.971501228631945,20.549125909805298,4.281797647476196,30.91676688194275,2890.2445904845176,2335.467675800668,0.34599147881541786,0.42817976474761965,1445.11328125,1442.64453125,488.21875,738.0,261.88671875,738.0,,./result/2layers/dynsrm/MNIST_dynsrm_FF_v2_20260325_150343_best_test_confusion.csv,./result/2layers/dynsrm/MNIST_dynsrm_FF_v2_20260325_150343_final_test_confusion.csv,./result/2layers/dynsrm/MNIST_dynsrm_FF_v2_20260325_150343_best_model.pth,./result/2layers/dynsrm/MNIST_dynsrm_FF_v2_20260325_150343_final_model.pth,-0.2640964476198986,-0.2690580029939783,5823766.0,0.0037915143229166667,1191936000000.0,118574515968.0,118574515968.0,0.09948060631443299,3172401.0,0.00413073046875,0.19288456632653062,602112000000.0,116138112000.0,0.19288456632653062,2651365.0,0.003452298177083333,0.00413073046875,589824000000.0,2436403968.0,0.00413073046875,5719554.0,0.00372366796875,1191936000000.0,119225849856.0,119225849856.0,0.10002705670103093,3120092.0,0.004062619791666667,0.1940330357142857,602112000000.0,116829619200.0,0.1940330357142857,2599462.0,0.0033847161458333335,0.004062619791666667,589824000000.0,2396230656.0,0.004062619791666667
20260325_150343,20,dynsrm,768,2,10,2.0,0.5,0.0,2.0,2.0,1.0,0.0008,0.0001,6.0,1.0,10000,0.9896,0.9896384162785032,0.9894987473266535,0.9895543224358361,0.9695,0.969273462731478,0.9690769944579948,0.9691171966918425,0.9718,0.971501228631945,20.425440311431885,4.312578201293945,30.93921136856079,2907.746373857066,2318.798531467696,0.34390894920918447,0.4312578201293945,1442.64453125,1442.65234375,488.21875,738.0,262.2421875,738.0,,./result/2layers/dynsrm/MNIST_dynsrm_FF_v2_20260325_150343_best_test_confusion.csv,./result/2layers/dynsrm/MNIST_dynsrm_FF_v2_20260325_150343_final_test_confusion.csv,./result/2layers/dynsrm/MNIST_dynsrm_FF_v2_20260325_150343_best_model.pth,./result/2layers/dynsrm/MNIST_dynsrm_FF_v2_20260325_150343_final_model.pth,-0.2640650046282801,-0.2693601343138465,5690220.0,0.0037045703125,1191936000000.0,118536421632.0,118536421632.0,0.0994486462628866,3122799.0,0.00406614453125,0.19288456632653062,602112000000.0,116138112000.0,0.19288456632653062,2567421.0,0.00334299609375,0.00406614453125,589824000000.0,2398309632.0,0.00406614453125,5598914.0,0.0036451263020833334,1191936000000.0,119189720832.0,119189720832.0,0.09999674548969072,3073049.0,0.004001365885416667,0.1940330357142857,602112000000.0,116829619200.0,0.1940330357142857,2525865.0,0.00328888671875,0.004001365885416667,589824000000.0,2360101632.0,0.004001365885416667
20260325_150343,21,dynsrm,768,2,10,2.0,0.5,0.0,2.0,2.0,1.0,0.0008,0.0001,6.0,1.0,10000,0.9909,0.9907985863634645,0.9908628760679967,0.9908198049666606,0.9708,0.9705465624101259,0.9706183210086106,0.9705108060904255,0.9718,0.971501228631945,20.29300355911255,4.263019800186157,30.79684543609619,2926.7229874076525,2345.7549973291984,0.34167907393441116,0.42630198001861574,1442.63671875,1442.65625,488.21875,738.0,261.88671875,738.0,,./result/2layers/dynsrm/MNIST_dynsrm_FF_v2_20260325_150343_best_test_confusion.csv,./result/2layers/dynsrm/MNIST_dynsrm_FF_v2_20260325_150343_final_test_confusion.csv,./result/2layers/dynsrm/MNIST_dynsrm_FF_v2_20260325_150343_best_model.pth,./result/2layers/dynsrm/MNIST_dynsrm_FF_v2_20260325_150343_final_model.pth,-0.26463730684642134,-0.26975561781176205,5536420.0,0.0036044401041666666,1191936000000.0,118478134272.0,118478134272.0,0.09939974484536082,3046904.0,0.003967322916666667,0.19288456632653062,602112000000.0,116138112000.0,0.19288456632653062,2489516.0,0.0032415572916666665,0.003967322916666667,589824000000.0,2340022272.0,0.003967322916666667,5417052.0,0.0035267265625,1191936000000.0,119120134656.0,119120134656.0,0.09993836469072165,2982442.0,0.0038833880208333335,0.1940330357142857,602112000000.0,116829619200.0,0.1940330357142857,2434610.0,0.0031700651041666667,0.0038833880208333335,589824000000.0,2290515456.0,0.0038833880208333335
20260325_150343,22,dynsrm,768,2,10,2.0,0.5,0.0,2.0,2.0,1.0,0.0008,0.0001,6.0,1.0,10000,0.9918,0.9916517559907243,0.9918167628011589,0.991719977878436,0.9734,0.9732598815697882,0.9731655263150312,0.9731460444367345,0.9734,0.9731460444367345,20.64462375640869,4.36889910697937,31.211408615112305,2876.874904613507,2288.9061420587345,0.34759940322617006,0.43688991069793703,1443.125,1443.1328125,488.21875,738.0,262.2421875,738.0,,./result/2layers/dynsrm/MNIST_dynsrm_FF_v2_20260325_150343_best_test_confusion.csv,./result/2layers/dynsrm/MNIST_dynsrm_FF_v2_20260325_150343_final_test_confusion.csv,./result/2layers/dynsrm/MNIST_dynsrm_FF_v2_20260325_150343_best_model.pth,./result/2layers/dynsrm/MNIST_dynsrm_FF_v2_20260325_150343_final_model.pth,-0.2652135383466194,-0.2702190598537182,5552292.0,0.0036147734375,1191936000000.0,118483756800.0,118483756800.0,0.09940446198453608,3054225.0,0.00397685546875,0.19288456632653062,602112000000.0,116138112000.0,0.19288456632653062,2498067.0,0.00325269140625,0.00397685546875,589824000000.0,2345644800.0,0.00397685546875,5455353.0,0.003551662109375,1191936000000.0,119135178240.0,119135178240.0,0.09995098582474227,3002030.0,0.003908893229166667,0.1940330357142857,602112000000.0,116829619200.0,0.1940330357142857,2453323.0,0.0031944309895833335,0.003908893229166667,589824000000.0,2305559040.0,0.003908893229166667
20260325_150343,23,dynsrm,768,2,10,2.0,0.5,0.0,2.0,2.0,1.0,0.0008,0.0001,6.0,1.0,10000,0.9922,0.9921352756247497,0.9920599421116011,0.9920858169763955,0.9719,0.9719040458319939,0.9715148873056524,0.9716274822363994,0.9734,0.9731460444367345,20.588639974594116,4.326385498046875,31.122422695159912,2884.6975843614873,2311.3982802767923,0.34665678836533736,0.4326385498046875,1443.125,1443.1171875,488.21875,738.0,261.88671875,738.0,,./result/2layers/dynsrm/MNIST_dynsrm_FF_v2_20260325_150343_best_test_confusion.csv,./result/2layers/dynsrm/MNIST_dynsrm_FF_v2_20260325_150343_final_test_confusion.csv,./result/2layers/dynsrm/MNIST_dynsrm_FF_v2_20260325_150343_best_model.pth,./result/2layers/dynsrm/MNIST_dynsrm_FF_v2_20260325_150343_final_model.pth,-0.2652167960487563,-0.2704649495667425,5372528.0,0.003497739583333333,1191936000000.0,118403788032.0,118403788032.0,0.09933737048969073,2950099.0,0.0038412747395833334,0.19288456632653062,602112000000.0,116138112000.0,0.19288456632653062,2422429.0,0.0031542044270833334,0.0038412747395833334,589824000000.0,2265676032.0,0.0038412747395833334,5281466.0,0.003438454427083333,1191936000000.0,119057150208.0,119057150208.0,0.0998855225515464,2900431.0,0.0037766028645833333,0.1940330357142857,602112000000.0,116829619200.0,0.1940330357142857,2381035.0,0.0031003059895833335,0.0037766028645833333,589824000000.0,2227531008.0,0.0037766028645833333
20260325_150343,24,dynsrm,768,2,10,2.0,0.5,0.0,2.0,2.0,1.0,0.0008,0.0001,6.0,1.0,10000,0.9929,0.9928524205793263,0.9927952859309943,0.9928200906471355,0.9725,0.9722784095821126,0.9721370189731573,0.9721796840199788,0.9734,0.9731460444367345,20.68168878555298,4.3142101764678955,31.17731785774231,2871.7190658766604,2317.921378644362,0.3482234776662341,0.43142101764678953,1443.125,1443.1484375,488.21875,738.0,262.2421875,738.0,,./result/2layers/dynsrm/MNIST_dynsrm_FF_v2_20260325_150343_best_test_confusion.csv,./result/2layers/dynsrm/MNIST_dynsrm_FF_v2_20260325_150343_final_test_confusion.csv,./result/2layers/dynsrm/MNIST_dynsrm_FF_v2_20260325_150343_best_model.pth,./result/2layers/dynsrm/MNIST_dynsrm_FF_v2_20260325_150343_final_model.pth,-0.26555006360185557,-0.2706015582742362,5301479.0,0.0034514837239583334,1191936000000.0,118376691456.0,118376691456.0,0.09931463724226804,2914817.0,0.003795334635416667,0.19288456632653062,602112000000.0,116138112000.0,0.19288456632653062,2386662.0,0.0031076328125,0.003795334635416667,589824000000.0,2238579456.0,0.003795334635416667,5213127.0,0.003393962890625,1191936000000.0,119031942144.0,119031942144.0,0.0998643737113402,2867608.0,0.0037338645833333334,0.1940330357142857,602112000000.0,116829619200.0,0.1940330357142857,2345519.0,0.003054061197916667,0.0037338645833333334,589824000000.0,2202322944.0,0.0037338645833333334
20260325_150343,25,dynsrm,768,2,10,2.0,0.5,0.0,2.0,2.0,1.0,0.0008,0.0001,6.0,1.0,10000,0.992,0.991901353874748,0.9920217194867821,0.9919437279677508,0.9719,0.9719335390469827,0.9714904571658736,0.9716024743373065,0.9734,0.9731460444367345,20.642107725143433,4.395139217376709,31.198116064071655,2877.225561983512,2275.240784288198,0.34755704009198934,0.4395139217376709,1443.15234375,1443.140625,488.21875,738.0,261.88671875,738.0,,./result/2layers/dynsrm/MNIST_dynsrm_FF_v2_20260325_150343_best_test_confusion.csv,./result/2layers/dynsrm/MNIST_dynsrm_FF_v2_20260325_150343_final_test_confusion.csv,./result/2layers/dynsrm/MNIST_dynsrm_FF_v2_20260325_150343_best_model.pth,./result/2layers/dynsrm/MNIST_dynsrm_FF_v2_20260325_150343_final_model.pth,-0.26557880023430136,-0.2709011183730487,5197072.0,0.0033835104166666666,1191936000000.0,118325060352.0,118325060352.0,0.09927132023195877,2847589.0,0.0037077981770833332,0.19288456632653062,602112000000.0,116138112000.0,0.19288456632653062,2349483.0,0.00305922265625,0.0037077981770833332,589824000000.0,2186948352.0,0.0037077981770833332,5115519.0,0.003330416015625,1191936000000.0,118984770816.0,118984770816.0,0.09982479832474227,2806187.0,0.0036538893229166665,0.1940330357142857,602112000000.0,116829619200.0,0.1940330357142857,2309332.0,0.0030069427083333333,0.0036538893229166665,589824000000.0,2155151616.0,0.0036538893229166665
20260325_150343,26,dynsrm,768,2,10,2.0,0.5,0.0,2.0,2.0,1.0,0.0008,0.0001,6.0,1.0,10000,0.9929,0.9928292958678904,0.9927735641223642,0.992793287800733,0.9724,0.9720904244801843,0.9720902812546346,0.9720700440949892,0.9734,0.9731460444367345,20.450801372528076,4.28282618522644,30.834237098693848,2904.140474406168,2334.9068039452277,0.34433596060964566,0.42828261852264404,1443.17578125,1443.15625,488.21875,738.0,262.2421875,738.0,,./result/2layers/dynsrm/MNIST_dynsrm_FF_v2_20260325_150343_best_test_confusion.csv,./result/2layers/dynsrm/MNIST_dynsrm_FF_v2_20260325_150343_final_test_confusion.csv,./result/2layers/dynsrm/MNIST_dynsrm_FF_v2_20260325_150343_best_model.pth,./result/2layers/dynsrm/MNIST_dynsrm_FF_v2_20260325_150343_final_model.pth,-0.2660149844556019,-0.2711077753839822,5099097.0,0.003319724609375,1191936000000.0,118304385792.0,118304385792.0,0.09925397487113402,2820669.0,0.00367274609375,0.19288456632653062,602112000000.0,116138112000.0,0.19288456632653062,2278428.0,0.002966703125,0.00367274609375,589824000000.0,2166273792.0,0.00367274609375,4975892.0,0.003239513020833333,1191936000000.0,118944631296.0,118944631296.0,0.09979112242268041,2753922.0,0.0035858359375,0.1940330357142857,602112000000.0,116829619200.0,0.1940330357142857,2221970.0,0.0028931901041666665,0.0035858359375,589824000000.0,2115012096.0,0.0035858359375
20260325_150343,27,dynsrm,768,2,10,2.0,0.5,0.0,2.0,2.0,1.0,0.0008,0.0001,6.0,1.0,10000,0.9936,0.9936886317581746,0.993498371337717,0.993587842991037,0.9733,0.9731757593117429,0.9729561046303596,0.9730432085912708,0.9734,0.9731460444367345,20.43847918510437,4.363401651382446,30.924355506896973,2905.891356304293,2291.7899379791734,0.34412848843454286,0.43634016513824464,1443.16015625,1443.171875,488.21875,738.0,261.88671875,738.0,,./result/2layers/dynsrm/MNIST_dynsrm_FF_v2_20260325_150343_best_test_confusion.csv,./result/2layers/dynsrm/MNIST_dynsrm_FF_v2_20260325_150343_final_test_confusion.csv,./result/2layers/dynsrm/MNIST_dynsrm_FF_v2_20260325_150343_best_model.pth,./result/2layers/dynsrm/MNIST_dynsrm_FF_v2_20260325_150343_final_model.pth,-0.26592487507853013,-0.2712479542041647,4918340.0,0.0032020442708333334,1191936000000.0,118193560320.0,118193560320.0,0.09916099548969072,2676365.0,0.003484850260416667,0.19288456632653062,602112000000.0,116138112000.0,0.19288456632653062,2241975.0,0.00291923828125,0.003484850260416667,589824000000.0,2055448320.0,0.003484850260416667,4791764.0,0.0031196380208333334,1191936000000.0,118831886592.0,118831886592.0,0.09969653286082475,2607119.0,0.0033946861979166666,0.1940330357142857,602112000000.0,116829619200.0,0.1940330357142857,2184645.0,0.00284458984375,0.0033946861979166666,589824000000.0,2002267392.0,0.0033946861979166666
20260325_150343,28,dynsrm,768,2,10,2.0,0.5,0.0,2.0,2.0,1.0,0.0008,0.0001,6.0,1.0,10000,0.9927,0.9926410471852607,0.9927255891998878,0.9926753370546179,0.9743,0.9740993411444634,0.9740051170805636,0.974030680559537,0.9743,0.974030680559537,27.583959817886353,5.774581432342529,41.514079570770264,2153.1353870914595,1731.727245890336,0.4644389786147352,0.5774581432342529,1443.171875,1443.1796875,488.21875,738.0,262.2421875,738.0,,./result/2layers/dynsrm/MNIST_dynsrm_FF_v2_20260325_150343_best_test_confusion.csv,./result/2layers/dynsrm/MNIST_dynsrm_FF_v2_20260325_150343_final_test_confusion.csv,./result/2layers/dynsrm/MNIST_dynsrm_FF_v2_20260325_150343_best_model.pth,./result/2layers/dynsrm/MNIST_dynsrm_FF_v2_20260325_150343_final_model.pth,-0.26670362260834923,-0.2716300168941761,4908135.0,0.003195400390625,1191936000000.0,118205945088.0,118205945088.0,0.09917138595360825,2692491.0,0.00350584765625,0.19288456632653062,602112000000.0,116138112000.0,0.19288456632653062,2215644.0,0.002884953125,0.00350584765625,589824000000.0,2067833088.0,0.00350584765625,4806007.0,0.0031289108072916666,1191936000000.0,118854865152.0,118854865152.0,0.09971581121134021,2637039.0,0.00343364453125,0.1940330357142857,602112000000.0,116829619200.0,0.1940330357142857,2168968.0,0.0028241770833333335,0.00343364453125,589824000000.0,2025245952.0,0.00343364453125
20260325_150343,29,dynsrm,768,2,10,2.0,0.5,0.0,2.0,2.0,1.0,0.0008,0.0001,6.0,1.0,10000,0.9921,0.9921199775119204,0.9920503940139437,0.9920797415664516,0.9746,0.9743970167188054,0.9742894357227507,0.9743301316479321,0.9746,0.9743301316479321,28.118212461471558,5.650490045547485,42.09166693687439,2112.225308823623,1769.7580067201204,0.4734343423604451,0.5650490045547485,1443.21484375,1443.16796875,488.21875,738.0,261.88671875,738.0,,./result/2layers/dynsrm/MNIST_dynsrm_FF_v2_20260325_150343_best_test_confusion.csv,./result/2layers/dynsrm/MNIST_dynsrm_FF_v2_20260325_150343_final_test_confusion.csv,./result/2layers/dynsrm/MNIST_dynsrm_FF_v2_20260325_150343_best_model.pth,./result/2layers/dynsrm/MNIST_dynsrm_FF_v2_20260325_150343_final_model.pth,-0.2671162373033063,-0.2719460417484415,5012073.0,0.003263068359375,1191936000000.0,118289960448.0,118289960448.0,0.09924187242268041,2801886.0,0.0036482890625,0.19288456632653062,602112000000.0,116138112000.0,0.19288456632653062,2210187.0,0.00287784765625,0.0036482890625,589824000000.0,2151848448.0,0.0036482890625,4935518.0,0.0032132278645833332,1191936000000.0,118953574656.0,118953574656.0,0.0997986256443299,2765567.0,0.0036009986979166665,0.1940330357142857,602112000000.0,116829619200.0,0.1940330357142857,2169951.0,0.00282545703125,0.0036009986979166665,589824000000.0,2123955456.0,0.0036009986979166665
20260325_150343,30,dynsrm,768,2,10,2.0,0.5,0.0,2.0,2.0,1.0,0.0008,0.0001,6.0,1.0,10000,0.9932,0.993198613905518,0.993158393598188,0.9931745972363828,0.9746,0.9745545379747194,0.974291421414547,0.9743747231846376,0.9746,0.9743747231846376,27.785572052001953,5.535228729248047,41.56599020957947,2137.5122271675814,1806.6100768628014,0.4678335811557441,0.5535228729248047,1443.14453125,1443.10546875,488.21875,738.0,262.2421875,738.0,,./result/2layers/dynsrm/MNIST_dynsrm_FF_v2_20260325_150343_best_test_confusion.csv,./result/2layers/dynsrm/MNIST_dynsrm_FF_v2_20260325_150343_final_test_confusion.csv,./result/2layers/dynsrm/MNIST_dynsrm_FF_v2_20260325_150343_best_model.pth,./result/2layers/dynsrm/MNIST_dynsrm_FF_v2_20260325_150343_final_model.pth,-0.26698196859195317,-0.27186910551169824,4814520.0,0.003134453125,1191936000000.0,118158523392.0,118158523392.0,0.09913160051546392,2630744.0,0.0034254479166666665,0.19288456632653062,602112000000.0,116138112000.0,0.19288456632653062,2183776.0,0.0028434583333333333,0.0034254479166666665,589824000000.0,2020411392.0,0.0034254479166666665,4715920.0,0.0030702604166666665,1191936000000.0,118810067712.0,118810067712.0,0.0996782274484536,2578709.0,0.0033576940104166667,0.1940330357142857,602112000000.0,116829619200.0,0.1940330357142857,2137211.0,0.0027828268229166666,0.0033576940104166667,589824000000.0,1980448512.0,0.0033576940104166667
20260325_150343,31,dynsrm,768,2,10,2.0,0.5,0.0,2.0,2.0,1.0,0.0008,0.0001,6.0,1.0,10000,0.9922,0.9921567000797932,0.9921940803014497,0.9921571675859602,0.972,0.9720247131301075,0.9716229088407526,0.9717213370977849,0.9746,0.9743747231846376,28.18456220626831,5.561188697814941,41.96206879615784,2107.252884232883,1798.17671066064,0.4745514918889465,0.5561188697814942,1443.1171875,1443.140625,488.21875,738.0,261.88671875,738.0,,./result/2layers/dynsrm/MNIST_dynsrm_FF_v2_20260325_150343_best_test_confusion.csv,./result/2layers/dynsrm/MNIST_dynsrm_FF_v2_20260325_150343_final_test_confusion.csv,./result/2layers/dynsrm/MNIST_dynsrm_FF_v2_20260325_150343_best_model.pth,./result/2layers/dynsrm/MNIST_dynsrm_FF_v2_20260325_150343_final_model.pth,-0.26699385766325323,-0.27191974325426693,4562333.0,0.002970268880208333,1191936000000.0,118057999104.0,118057999104.0,0.09904726353092784,2499853.0,0.003255016927083333,0.19288456632653062,602112000000.0,116138112000.0,0.19288456632653062,2062480.0,0.002685520833333333,0.003255016927083333,589824000000.0,1919887104.0,0.003255016927083333,4495281.0,0.002926615234375,1191936000000.0,118725865728.0,118725865728.0,0.0996075844072165,2469071.0,0.003214936197916667,0.1940330357142857,602112000000.0,116829619200.0,0.1940330357142857,2026210.0,0.0026382942708333334,0.003214936197916667,589824000000.0,1896246528.0,0.003214936197916667
20260325_150343,32,dynsrm,768,2,10,2.0,0.5,0.0,2.0,2.0,1.0,0.0008,0.0001,6.0,1.0,10000,0.9943,0.9942264672259815,0.9942493240975054,0.9942315508580727,0.9725,0.9723551441339587,0.9721354726399586,0.9721627101907959,0.9746,0.9743747231846376,27.815436840057373,5.525820016860962,41.70134878158569,2135.217229968821,1809.6861587034957,0.46833642308825046,0.5525820016860962,1443.1484375,1443.17578125,488.21875,738.0,262.2421875,738.0,,./result/2layers/dynsrm/MNIST_dynsrm_FF_v2_20260325_150343_best_test_confusion.csv,./result/2layers/dynsrm/MNIST_dynsrm_FF_v2_20260325_150343_final_test_confusion.csv,./result/2layers/dynsrm/MNIST_dynsrm_FF_v2_20260325_150343_best_model.pth,./result/2layers/dynsrm/MNIST_dynsrm_FF_v2_20260325_150343_final_model.pth,-0.2669701709829528,-0.27202313419046076,4735147.0,0.0030827779947916667,1191936000000.0,118110381312.0,118110381312.0,0.09909121069587629,2568059.0,0.0033438268229166665,0.19288456632653062,602112000000.0,116138112000.0,0.19288456632653062,2167088.0,0.002821729166666667,0.0033438268229166665,589824000000.0,1972269312.0,0.0033438268229166665,4629208.0,0.003013807291666667,1191936000000.0,118761377280.0,118761377280.0,0.0996373775773196,2515310.0,0.003275143229166667,0.1940330357142857,602112000000.0,116829619200.0,0.1940330357142857,2113898.0,0.0027524713541666667,0.003275143229166667,589824000000.0,1931758080.0,0.003275143229166667
20260325_150343,33,dynsrm,768,2,10,2.0,0.5,0.0,2.0,2.0,1.0,0.0008,0.0001,6.0,1.0,10000,0.9942,0.9940721810939201,0.9941820337466798,0.9941235516796274,0.9739,0.9737073460140435,0.973584865160557,0.9736015076215179,0.9746,0.9743747231846376,28.056282997131348,5.538954734802246,41.903080701828,2116.8876863008763,1805.394786342666,0.4723916183514842,0.5538954734802246,1443.171875,1443.171875,488.21875,738.0,261.88671875,738.0,,./result/2layers/dynsrm/MNIST_dynsrm_FF_v2_20260325_150343_best_test_confusion.csv,./result/2layers/dynsrm/MNIST_dynsrm_FF_v2_20260325_150343_final_test_confusion.csv,./result/2layers/dynsrm/MNIST_dynsrm_FF_v2_20260325_150343_best_model.pth,./result/2layers/dynsrm/MNIST_dynsrm_FF_v2_20260325_150343_final_model.pth,-0.26715347170829773,-0.27213578953825196,4676198.0,0.0030443997395833335,1191936000000.0,118093089792.0,118093089792.0,0.09907670360824743,2545544.0,0.0033145104166666666,0.19288456632653062,602112000000.0,116138112000.0,0.19288456632653062,2130654.0,0.0027742890625,0.0033145104166666666,589824000000.0,1954977792.0,0.0033145104166666666,4586375.0,0.0029859212239583335,1191936000000.0,118749408768.0,118749408768.0,0.09962733634020618,2499726.0,0.0032548515625,0.1940330357142857,602112000000.0,116829619200.0,0.1940330357142857,2086649.0,0.0027169908854166665,0.0032548515625,589824000000.0,1919789568.0,0.0032548515625
20260325_150343,34,dynsrm,768,2,10,2.0,0.5,0.0,2.0,2.0,1.0,0.0008,0.0001,6.0,1.0,10000,0.9945,0.9944525112830732,0.9944583754441172,0.9944517079272511,0.9761,0.9759205084285185,0.9758692301622048,0.9758537740248501,0.9761,0.9758537740248501,28.119752407073975,5.403884649276733,41.755502223968506,2112.1096352562117,1850.5206252576875,0.47346027086264103,0.5403884649276733,1443.171875,1443.1484375,488.21875,738.0,262.2421875,738.0,,./result/2layers/dynsrm/MNIST_dynsrm_FF_v2_20260325_150343_best_test_confusion.csv,./result/2layers/dynsrm/MNIST_dynsrm_FF_v2_20260325_150343_final_test_confusion.csv,./result/2layers/dynsrm/MNIST_dynsrm_FF_v2_20260325_150343_best_model.pth,./result/2layers/dynsrm/MNIST_dynsrm_FF_v2_20260325_150343_final_model.pth,-0.267282464380922,-0.27220226156300514,4565978.0,0.0029726419270833335,1191936000000.0,118047128064.0,118047128064.0,0.09903814304123712,2485698.0,0.0032365859375,0.19288456632653062,602112000000.0,116138112000.0,0.19288456632653062,2080280.0,0.0027086979166666665,0.0032365859375,589824000000.0,1909016064.0,0.0032365859375,4449859.0,0.0028970436197916665,1191936000000.0,118689298176.0,118689298176.0,0.09957690528350516,2421457.0,0.0031529388020833334,0.1940330357142857,602112000000.0,116829619200.0,0.1940330357142857,2028402.0,0.0026411484375,0.0031529388020833334,589824000000.0,1859678976.0,0.0031529388020833334
20260325_150343,35,dynsrm,768,2,10,2.0,0.5,0.0,2.0,2.0,1.0,0.0008,0.0001,6.0,1.0,10000,0.9944,0.9944004131523373,0.9943881744101049,0.9943861280570646,0.9717,0.9717429589497891,0.9713347065627801,0.9714488480251477,0.9761,0.9758537740248501,27.984652757644653,5.297726631164551,41.61695432662964,2122.3061266599316,1887.6021161933363,0.4711855596316786,0.5297726631164551,1443.12890625,1443.13671875,488.21875,738.0,261.88671875,738.0,,./result/2layers/dynsrm/MNIST_dynsrm_FF_v2_20260325_150343_best_test_confusion.csv,./result/2layers/dynsrm/MNIST_dynsrm_FF_v2_20260325_150343_final_test_confusion.csv,./result/2layers/dynsrm/MNIST_dynsrm_FF_v2_20260325_150343_best_model.pth,./result/2layers/dynsrm/MNIST_dynsrm_FF_v2_20260325_150343_final_model.pth,-0.2671868867915252,-0.2720997852498087,4608045.0,0.003000029296875,1191936000000.0,118059739392.0,118059739392.0,0.09904872358247423,2502119.0,0.0032579674479166665,0.19288456632653062,602112000000.0,116138112000.0,0.19288456632653062,2105926.0,0.002742091145833333,0.0032579674479166665,589824000000.0,1921627392.0,0.0032579674479166665,4481876.0,0.0029178880208333333,1191936000000.0,118696762368.0,118696762368.0,0.09958316752577319,2431176.0,0.00316559375,0.1940330357142857,602112000000.0,116829619200.0,0.1940330357142857,2050700.0,0.0026701822916666666,0.00316559375,589824000000.0,1867143168.0,0.00316559375
20260325_150343,36,dynsrm,768,2,10,2.0,0.5,0.0,2.0,2.0,1.0,0.0008,0.0001,6.0,1.0,10000,0.9941,0.9939831770511178,0.9941170426488402,0.9940429540347833,0.9744,0.9743390236238444,0.9742245801403229,0.9742095663748364,0.9761,0.9758537740248501,27.83537769317627,5.637110233306885,41.63347148895264,2133.687591907895,1773.9585685081988,0.46867217290504226,0.5637110233306885,1443.15625,1443.21875,488.21875,738.0,262.2421875,738.0,,./result/2layers/dynsrm/MNIST_dynsrm_FF_v2_20260325_150343_best_test_confusion.csv,./result/2layers/dynsrm/MNIST_dynsrm_FF_v2_20260325_150343_final_test_confusion.csv,./result/2layers/dynsrm/MNIST_dynsrm_FF_v2_20260325_150343_best_model.pth,./result/2layers/dynsrm/MNIST_dynsrm_FF_v2_20260325_150343_final_model.pth,-0.26752041280269623,-0.2723842139901786,4390864.0,0.002858635416666667,1191936000000.0,117952497408.0,117952497408.0,0.0989587506443299,2362481.0,0.0030761471354166666,0.19288456632653062,602112000000.0,116138112000.0,0.19288456632653062,2028383.0,0.0026411236979166667,0.0030761471354166666,589824000000.0,1814385408.0,0.0030761471354166666,4282802.0,0.0027882825520833335,1191936000000.0,118600157952.0,118600157952.0,0.09950211920103093,2305389.0,0.00300180859375,0.1940330357142857,602112000000.0,116829619200.0,0.1940330357142857,1977413.0,0.0025747565104166665,0.00300180859375,589824000000.0,1770538752.0,0.00300180859375
20260325_150343,37,dynsrm,768,2,10,2.0,0.5,0.0,2.0,2.0,1.0,0.0008,0.0001,6.0,1.0,10000,0.9947,0.9946549176087156,0.9947781649025721,0.9947115914815772,0.9752,0.9750191504770797,0.9749611599158563,0.9749722666912755,0.9761,0.9758537740248501,30.8892924785614,7.499647617340088,48.80385231971741,1922.7374677235096,1333.395982083051,0.5200918049326745,0.7499647617340088,1443.2265625,1443.2265625,488.21875,738.0,261.88671875,738.0,,./result/2layers/dynsrm/MNIST_dynsrm_FF_v2_20260325_150343_best_test_confusion.csv,./result/2layers/dynsrm/MNIST_dynsrm_FF_v2_20260325_150343_final_test_confusion.csv,./result/2layers/dynsrm/MNIST_dynsrm_FF_v2_20260325_150343_best_model.pth,./result/2layers/dynsrm/MNIST_dynsrm_FF_v2_20260325_150343_final_model.pth,-0.26781920934545583,-0.2725317231540022,4490344.0,0.0029234010416666666,1191936000000.0,117967310592.0,117967310592.0,0.09897117847938144,2381769.0,0.00310126171875,0.19288456632653062,602112000000.0,116138112000.0,0.19288456632653062,2108575.0,0.0027455403645833334,0.00310126171875,589824000000.0,1829198592.0,0.00310126171875,4379429.0,0.0028511907552083333,1191936000000.0,118612757760.0,118612757760.0,0.09951269007731958,2321795.0,0.0030231705729166667,0.1940330357142857,602112000000.0,116829619200.0,0.1940330357142857,2057634.0,0.0026792109375,0.0030231705729166667,589824000000.0,1783138560.0,0.0030231705729166667
20260325_150343,38,dynsrm,768,2,10,2.0,0.5,0.0,2.0,2.0,1.0,0.0008,0.0001,6.0,1.0,10000,0.9947,0.9947202585767657,0.994679665389889,0.994696568127703,0.9752,0.9749766659246809,0.9749986364563401,0.9749467972650521,0.9761,0.9758537740248501,34.94112515449524,7.391347885131836,52.85332918167114,1699.773540130522,1352.9332072321522,0.5883136643739096,0.7391347885131836,1443.21875,1443.23828125,488.21875,738.0,262.2421875,738.0,,./result/2layers/dynsrm/MNIST_dynsrm_FF_v2_20260325_150343_best_test_confusion.csv,./result/2layers/dynsrm/MNIST_dynsrm_FF_v2_20260325_150343_final_test_confusion.csv,./result/2layers/dynsrm/MNIST_dynsrm_FF_v2_20260325_150343_best_model.pth,./result/2layers/dynsrm/MNIST_dynsrm_FF_v2_20260325_150343_final_model.pth,-0.2677094879849204,-0.27247880553377085,4273667.0,0.0027823352864583335,1191936000000.0,117868596480.0,117868596480.0,0.09888836018041237,2253235.0,0.002933899739583333,0.19288456632653062,602112000000.0,116138112000.0,0.19288456632653062,2020432.0,0.0026307708333333335,0.002933899739583333,589824000000.0,1730484480.0,0.002933899739583333,4195325.0,0.002731331380208333,1191936000000.0,118529390592.0,118529390592.0,0.09944274742268042,2213244.0,0.002881828125,0.1940330357142857,602112000000.0,116829619200.0,0.1940330357142857,1982081.0,0.0025808346354166665,0.002881828125,589824000000.0,1699771392.0,0.002881828125
20260325_150343,39,dynsrm,768,2,10,2.0,0.5,0.0,2.0,2.0,1.0,0.0008,0.0001,6.0,1.0,10000,0.995,0.9950178423994993,0.9949619371421237,0.9949851947796956,0.9775,0.9773580633124839,0.9772521376746512,0.9772728930568337,0.9775,0.9772728930568337,35.08481168746948,7.368862152099609,52.88654375076294,1692.812278117822,1357.0616186856882,0.5907329554059382,0.7368862152099609,1443.2421875,1443.21875,488.21875,738.0,261.88671875,738.0,,./result/2layers/dynsrm/MNIST_dynsrm_FF_v2_20260325_150343_best_test_confusion.csv,./result/2layers/dynsrm/MNIST_dynsrm_FF_v2_20260325_150343_final_test_confusion.csv,./result/2layers/dynsrm/MNIST_dynsrm_FF_v2_20260325_150343_best_model.pth,./result/2layers/dynsrm/MNIST_dynsrm_FF_v2_20260325_150343_final_model.pth,-0.26749095885918056,-0.27245274031984396,4149580.0,0.0027015494791666666,1191936000000.0,117813957888.0,117813957888.0,0.0988425199742268,2182091.0,0.0028412643229166665,0.19288456632653062,602112000000.0,116138112000.0,0.19288456632653062,1967489.0,0.0025618346354166666,0.0028412643229166665,589824000000.0,1675845888.0,0.0028412643229166665,4038415.0,0.002629176432291667,1191936000000.0,118460549376.0,118460549376.0,0.09938499162371134,2123607.0,0.00276511328125,0.1940330357142857,602112000000.0,116829619200.0,0.1940330357142857,1914808.0,0.0024932395833333334,0.00276511328125,589824000000.0,1630930176.0,0.00276511328125
20260325_150343,40,dynsrm,768,2,10,2.0,0.5,0.0,2.0,2.0,1.0,0.0008,0.0001,6.0,1.0,10000,0.9936,0.9935835122979155,0.993602133958017,0.9935866853047404,0.9747,0.9746187917842792,0.9745070673012313,0.974497794160628,0.9775,0.9772728930568337,35.096394300460815,7.174505949020386,52.57885527610779,1692.2536113409287,1393.824197938732,0.590927975155927,0.7174505949020386,1443.2265625,1443.23828125,488.21875,738.0,262.2421875,738.0,,./result/2layers/dynsrm/MNIST_dynsrm_FF_v2_20260325_150343_best_test_confusion.csv,./result/2layers/dynsrm/MNIST_dynsrm_FF_v2_20260325_150343_final_test_confusion.csv,./result/2layers/dynsrm/MNIST_dynsrm_FF_v2_20260325_150343_best_model.pth,./result/2layers/dynsrm/MNIST_dynsrm_FF_v2_20260325_150343_final_model.pth,-0.26762675930713786,-0.27254108005556565,4325492.0,0.0028160755208333334,1191936000000.0,117881058048.0,117881058048.0,0.09889881507731958,2269461.0,0.00295502734375,0.19288456632653062,602112000000.0,116138112000.0,0.19288456632653062,2056031.0,0.0026771236979166667,0.00295502734375,589824000000.0,1742946048.0,0.00295502734375,4231745.0,0.0027550423177083332,1191936000000.0,118533556992.0,118533556992.0,0.09944624291237113,2218669.0,0.0028888919270833335,0.1940330357142857,602112000000.0,116829619200.0,0.1940330357142857,2013076.0,0.0026211927083333334,0.0028888919270833335,589824000000.0,1703937792.0,0.0028888919270833335
20260325_150343,41,dynsrm,768,2,10,2.0,0.5,0.0,2.0,2.0,1.0,0.0008,0.0001,6.0,1.0,10000,0.995,0.9950261920993183,0.9948932727736313,0.9949547541112468,0.9742,0.9742609384360339,0.9738664044496437,0.9740067745498544,0.9775,0.9772728930568337,41.379557609558105,8.838260173797607,62.53776502609253,1435.2980899506106,1131.4444023323222,0.6967193832428291,0.8838260173797607,1443.234375,1443.16796875,488.21875,738.0,261.88671875,738.0,,./result/2layers/dynsrm/MNIST_dynsrm_FF_v2_20260325_150343_best_test_confusion.csv,./result/2layers/dynsrm/MNIST_dynsrm_FF_v2_20260325_150343_final_test_confusion.csv,./result/2layers/dynsrm/MNIST_dynsrm_FF_v2_20260325_150343_best_model.pth,./result/2layers/dynsrm/MNIST_dynsrm_FF_v2_20260325_150343_final_model.pth,-0.2681465436672342,-0.27273404957919284,4272681.0,0.002781693359375,1191936000000.0,117870895872.0,117870895872.0,0.0988902893041237,2256229.0,0.0029377981770833334,0.19288456632653062,602112000000.0,116138112000.0,0.19288456632653062,2016452.0,0.0026255885416666667,0.0029377981770833334,589824000000.0,1732783872.0,0.0029377981770833334,4167194.0,0.0027130169270833332,1191936000000.0,118517468160.0,118517468160.0,0.09943274484536083,2197720.0,0.002861614583333333,0.1940330357142857,602112000000.0,116829619200.0,0.1940330357142857,1969474.0,0.0025644192708333333,0.002861614583333333,589824000000.0,1687848960.0,0.002861614583333333
20260325_150343,42,dynsrm,768,2,10,2.0,0.5,0.0,2.0,2.0,1.0,0.0008,0.0001,6.0,1.0,10000,0.9945,0.9944925991457219,0.9944354184929928,0.9944614153743846,0.9765,0.9765119634789123,0.9761815846049984,0.9762707684556846,0.9775,0.9772728930568337,42.187373876571655,8.842176675796509,63.05151391029358,1407.8145791621025,1130.9432469691287,0.7103208155403363,0.8842176675796509,1444.6015625,1443.59765625,488.21875,738.0,262.2421875,738.0,,./result/2layers/dynsrm/MNIST_dynsrm_FF_v2_20260325_150343_best_test_confusion.csv,./result/2layers/dynsrm/MNIST_dynsrm_FF_v2_20260325_150343_final_test_confusion.csv,./result/2layers/dynsrm/MNIST_dynsrm_FF_v2_20260325_150343_best_model.pth,./result/2layers/dynsrm/MNIST_dynsrm_FF_v2_20260325_150343_final_model.pth,-0.2682873786523424,-0.27281490739049585,4264810.0,0.0027765690104166667,1191936000000.0,117851920128.0,117851920128.0,0.09887436920103093,2231521.0,0.0029056263020833333,0.19288456632653062,602112000000.0,116138112000.0,0.19288456632653062,2033289.0,0.00264751171875,0.0029056263020833333,589824000000.0,1713808128.0,0.0029056263020833333,4182976.0,0.002723291666666667,1191936000000.0,118507908864.0,118507908864.0,0.09942472487113402,2185273.0,0.0028454075520833334,0.1940330357142857,602112000000.0,116829619200.0,0.1940330357142857,1997703.0,0.00260117578125,0.0028454075520833334,589824000000.0,1678289664.0,0.0028454075520833334
20260325_150343,43,dynsrm,768,2,10,2.0,0.5,0.0,2.0,2.0,1.0,0.0008,0.0001,6.0,1.0,10000,0.9954,0.995340442231235,0.9953868701133957,0.9953618560009234,0.9747,0.9744714317858489,0.974388199322496,0.9744108093495603,0.9775,0.9772728930568337,42.45723366737366,8.851075649261475,63.43147921562195,1398.8664561921257,1129.80618359469,0.7148645216085273,0.8851075649261475,1443.1796875,1443.19921875,488.21875,738.0,261.88671875,738.0,,./result/2layers/dynsrm/MNIST_dynsrm_FF_v2_20260325_150343_best_test_confusion.csv,./result/2layers/dynsrm/MNIST_dynsrm_FF_v2_20260325_150343_final_test_confusion.csv,./result/2layers/dynsrm/MNIST_dynsrm_FF_v2_20260325_150343_best_model.pth,./result/2layers/dynsrm/MNIST_dynsrm_FF_v2_20260325_150343_final_model.pth,-0.2683038187438044,-0.2728738085976962,4270737.0,0.002780427734375,1191936000000.0,117844384512.0,117844384512.0,0.09886804703608247,2221709.0,0.0028928502604166667,0.19288456632653062,602112000000.0,116138112000.0,0.19288456632653062,2049028.0,0.0026680052083333334,0.0028928502604166667,589824000000.0,1706272512.0,0.0028928502604166667,4166296.0,0.002712432291666667,1191936000000.0,118491162624.0,118491162624.0,0.09941067525773196,2163468.0,0.002817015625,0.1940330357142857,602112000000.0,116829619200.0,0.1940330357142857,2002828.0,0.0026078489583333335,0.002817015625,589824000000.0,1661543424.0,0.002817015625
